TIME_PERIOD,brown coal - change in stock - thousand tonnes,brown coal - closing stocks on national territory - thousand tonnes,brown coal - exports - thousand tonnes,brown coal - gross inland deliveries - calculated - thousand tonnes,brown coal - imports - thousand tonnes,brown coal - indigenous production - thousand tonnes,brown coal - opening stocks on national territory - thousand tonnes,brown coal - transformation input - electricity and heat generation - main activity producers - thousand tonnes,coke oven coke - change in stock - thousand tonnes,coke oven coke - closing stocks on national territory - thousand tonnes,coke oven coke - exports - thousand tonnes,coke oven coke - final consumption - industry sector - iron and steel - thousand tonnes,coke oven coke - gross inland deliveries - calculated - thousand tonnes,coke oven coke - imports - thousand tonnes,coke oven coke - imports from outside eu - thousand tonnes,coke oven coke - indigenous production - thousand tonnes,coke oven coke - opening stocks on national territory - thousand tonnes,hard coal - change in stock - thousand tonnes,hard coal - closing stocks on national territory - thousand tonnes,hard coal - exports - thousand tonnes,hard coal - final consumption - industry sector - iron and steel - thousand tonnes,hard coal - final consumption - industry sector - thousand tonnes,hard coal - final consumption - other sectors - thousand tonnes,hard coal - gross inland deliveries - calculated - thousand tonnes,hard coal - gross inland deliveries - observed - thousand tonnes,hard coal - imports - thousand tonnes,hard coal - imports from outside eu - thousand tonnes,hard coal - indigenous production - thousand tonnes,hard coal - opening stocks on national territory - thousand tonnes,hard coal - recovered and recycled products - thousand tonnes,hard coal - statistical differences - thousand tonnes,hard coal - transformation input - coke ovens - thousand tonnes,hard coal - transformation input - electricity and heat generation - main activity producers - thousand tonnes,oil shale and oil sands - change in stock - thousand tonnes,oil shale and oil sands - closing stocks on national territory - thousand tonnes,oil shale and oil sands - exports - thousand tonnes,oil shale and oil sands - gross inland deliveries - calculated - thousand tonnes,oil shale and oil sands - imports - thousand tonnes,oil shale and oil sands - indigenous production - thousand tonnes,oil shale and oil sands - opening stocks on national territory - thousand tonnes,oil shale and oil sands - transformation input - electricity and heat generation - main activity producers - thousand tonnes,peat - change in stock - thousand tonnes,peat - closing stocks on national territory - thousand tonnes,peat - exports - thousand tonnes,peat - gross inland deliveries - calculated - thousand tonnes,peat - imports - thousand tonnes,peat - indigenous production - thousand tonnes,peat - opening stocks on national territory - thousand tonnes,peat - transformation input - electricity and heat generation - main activity producers - thousand tonnes
2008-01,-316.0,346.0,0.0,4807.0,0.0,5123.0,30.0,4730.0,-52.0,179.0,509.0,225.0,311.0,5.0,,867.0,127.0,526.0,5697.0,461.0,,563.0,1607.0,8056.0,,632.0,,7301.0,6837.0,58.0,,897.0,3907.0,,,,,,,,,0.0,0.0,0.0,0.0,0.0,0.0,0.0,0.0
2008-02,100.0,246.0,0.0,4620.0,0.0,4520.0,346.0,4569.0,-6.0,185.0,220.0,258.0,600.0,8.0,,818.0,179.0,-10.0,5718.0,756.0,,499.0,1217.0,7061.0,,690.0,,7081.0,5697.0,56.0,,919.0,3773.0,,,,,,,,,0.0,0.0,0.0,0.0,0.0,0.0,0.0,0.0
2008-03,-128.0,374.0,0.0,4581.0,0.0,4709.0,246.0,4540.0,-44.0,229.0,311.0,274.0,520.0,6.0,,869.0,185.0,56.0,5259.0,866.0,,487.0,1311.0,7133.0,,1147.0,,6743.0,5718.0,53.0,,912.0,3371.0,,,,,,,,,0.0,0.0,0.0,0.0,0.0,0.0,0.0,0.0
2008-04,240.0,134.0,0.0,4773.0,0.0,4533.0,374.0,4731.0,42.0,187.0,582.0,268.0,349.0,8.0,,881.0,229.0,-29.0,5919.0,773.0,,515.0,1476.0,7547.0,,817.0,,7478.0,5259.0,54.0,,967.0,3721.0,,,,,,,,,0.0,0.0,0.0,0.0,0.0,0.0,0.0,0.0
2008-05,-23.0,157.0,0.0,4873.0,0.0,4896.0,134.0,4856.0,-10.0,197.0,575.0,277.0,310.0,12.0,,883.0,187.0,198.0,6304.0,663.0,,472.0,1309.0,6778.0,,664.0,,6529.0,5919.0,50.0,,924.0,3325.0,,,,,,,,,0.0,0.0,0.0,0.0,0.0,0.0,0.0,0.0
2008-06,-124.0,281.0,0.0,4767.0,0.0,4891.0,157.0,4747.0,79.0,118.0,634.0,258.0,306.0,9.0,,852.0,197.0,32.0,6696.0,685.0,,549.0,1558.0,7099.0,,792.0,,6900.0,6304.0,60.0,,817.0,3370.0,,,,,,,,,0.0,0.0,0.0,0.0,0.0,0.0,0.0,0.0
2008-07,157.0,124.0,0.0,4922.0,0.0,4765.0,281.0,4895.0,-44.0,162.0,514.0,293.0,328.0,7.0,,879.0,118.0,-44.0,7100.0,835.0,,631.0,1625.0,7365.0,,758.0,,7416.0,6696.0,70.0,,868.0,3446.0,,,,,,,,,0.0,0.0,0.0,0.0,0.0,0.0,0.0,0.0
2008-08,-246.0,370.0,0.0,4854.0,0.0,5100.0,124.0,4811.0,-26.0,188.0,379.0,297.0,487.0,10.0,,882.0,162.0,-26.0,7335.0,626.0,,522.0,1398.0,6649.0,,934.0,,6316.0,7100.0,51.0,,780.0,3060.0,,,,,,,,,0.0,0.0,0.0,0.0,0.0,0.0,0.0,0.0
2008-09,-22.0,392.0,0.0,5144.0,0.0,5166.0,370.0,5058.0,43.0,145.0,623.0,268.0,277.0,6.0,,851.0,188.0,73.0,7473.0,684.0,,587.0,1562.0,7073.0,,633.0,,6992.0,7335.0,59.0,,921.0,3404.0,,,,,,,,,0.0,0.0,0.0,0.0,0.0,0.0,0.0,0.0
2008-10,24.0,368.0,0.0,5503.0,0.0,5479.0,392.0,5382.0,-117.0,262.0,420.0,192.0,241.0,7.0,,771.0,145.0,-248.0,8283.0,179.0,,637.0,1612.0,8293.0,,813.0,,7843.0,7473.0,64.0,,921.0,3844.0,,,,,,,,,0.0,0.0,0.0,0.0,0.0,0.0,0.0,0.0
2008-11,8.0,360.0,0.0,5155.0,0.0,5147.0,368.0,5059.0,-114.0,376.0,167.0,126.0,380.0,5.0,,656.0,262.0,2.0,8642.0,521.0,,497.0,1250.0,7066.0,,1035.0,,6499.0,8283.0,51.0,,586.0,3465.0,,,,,,,,,0.0,0.0,0.0,0.0,0.0,0.0,0.0,0.0
2008-12,-78.0,438.0,1.0,5161.0,0.0,5240.0,360.0,5060.0,-283.0,659.0,279.0,101.0,59.0,1.0,,620.0,376.0,-352.0,9357.0,493.0,,532.0,1217.0,7156.0,,1405.0,,6550.0,8642.0,46.0,,779.0,3481.0,,,,,,,,,0.0,0.0,0.0,0.0,0.0,0.0,0.0,0.0
2009-01,52.0,386.0,0.0,5540.0,0.0,5488.0,438.0,5374.0,-116.0,775.0,242.0,118.0,252.0,4.0,,606.0,659.0,-491.0,9917.0,446.0,,645.0,1170.0,7359.0,,1414.0,,6840.0,9357.0,42.0,,804.0,3642.0,,,,,,,,,0.0,0.0,0.0,0.0,0.0,0.0,0.0,0.0
2009-02,-3.0,389.0,6.0,4848.0,0.0,4857.0,386.0,4738.0,-79.0,854.0,295.0,131.0,171.0,0.0,,545.0,775.0,-434.0,10140.0,492.0,,650.0,1090.0,6684.0,,1245.0,,6316.0,9917.0,49.0,,723.0,3009.0,,,,,,,,,0.0,0.0,0.0,0.0,0.0,0.0,0.0,0.0
2009-03,-3.0,392.0,6.0,4937.0,0.0,4946.0,389.0,4852.0,-55.0,909.0,355.0,129.0,168.0,2.0,,576.0,854.0,-533.0,10273.0,693.0,,763.0,1301.0,6354.0,,733.0,,6804.0,10140.0,43.0,,623.0,2979.0,,,,,,,,,0.0,0.0,0.0,0.0,0.0,0.0,0.0,0.0
2009-04,125.0,267.0,0.0,4291.0,0.0,4166.0,392.0,4257.0,-24.0,933.0,202.0,85.0,224.0,7.0,,443.0,909.0,-1168.0,11434.0,536.0,,470.0,1059.0,5429.0,,598.0,,6475.0,10273.0,60.0,,585.0,2565.0,,,,,,,,,0.0,0.0,0.0,0.0,0.0,0.0,0.0,0.0
2009-05,64.0,203.0,0.0,4302.0,0.0,4238.0,267.0,4272.0,34.0,899.0,181.0,89.0,244.0,2.0,,389.0,933.0,-397.0,11608.0,456.0,,477.0,1171.0,5729.0,,554.0,,5966.0,11434.0,62.0,,515.0,2822.0,,,,,,,,,0.0,0.0,0.0,0.0,0.0,0.0,0.0,0.0
2009-06,-29.0,232.0,5.0,4385.0,0.0,4419.0,203.0,4357.0,176.0,723.0,398.0,112.0,134.0,4.0,,352.0,899.0,-767.0,12487.0,635.0,,515.0,1108.0,5545.0,,624.0,,6269.0,11608.0,54.0,,466.0,2624.0,,,,,,,,,0.0,0.0,0.0,0.0,0.0,0.0,0.0,0.0
2009-07,-18.0,250.0,3.0,4857.0,0.0,4878.0,232.0,4846.0,161.0,562.0,393.0,198.0,209.0,3.0,,438.0,723.0,-558.0,13278.0,711.0,,577.0,1081.0,6045.0,,616.0,,6642.0,12487.0,56.0,,579.0,2976.0,,,,,,,,,0.0,0.0,0.0,0.0,0.0,0.0,0.0,0.0
2009-08,-114.0,364.0,3.0,4644.0,0.0,4761.0,250.0,4560.0,86.0,476.0,347.0,180.0,305.0,3.0,,563.0,562.0,213.0,13417.0,759.0,,554.0,1132.0,6184.0,,750.0,,5924.0,13278.0,56.0,,639.0,2991.0,,,,,,,,,0.0,0.0,0.0,0.0,0.0,0.0,0.0,0.0
2009-09,91.0,273.0,7.0,4754.0,0.0,4670.0,364.0,4643.0,83.0,393.0,559.0,155.0,225.0,7.0,,694.0,476.0,603.0,13213.0,939.0,,793.0,1362.0,7006.0,,679.0,,6624.0,13417.0,39.0,,921.0,3341.0,,,,,,,,,0.0,0.0,0.0,0.0,0.0,0.0,0.0,0.0
2009-10,-108.0,381.0,9.0,4675.0,0.0,4792.0,273.0,4561.0,102.0,291.0,594.0,178.0,302.0,5.0,,789.0,393.0,165.0,13350.0,829.0,,673.0,1102.0,7246.0,,1103.0,,6758.0,13213.0,49.0,,1044.0,3662.0,,,,,,,,,0.0,0.0,0.0,0.0,0.0,0.0,0.0,0.0
2009-11,2.0,379.0,16.0,4836.0,0.0,4850.0,381.0,4735.0,-25.0,316.0,559.0,165.0,189.0,4.0,,769.0,291.0,335.0,13656.0,662.0,,730.0,844.0,7090.0,,750.0,,6618.0,13350.0,49.0,,1027.0,3811.0,,,,,,,,,0.0,0.0,0.0,0.0,0.0,0.0,0.0,0.0
2009-12,-46.0,425.0,13.0,4984.0,0.0,5043.0,379.0,4893.0,84.0,232.0,533.0,163.0,337.0,3.0,,783.0,316.0,105.0,13366.0,744.0,,688.0,816.0,6625.0,,1016.0,,6215.0,13656.0,33.0,,1040.0,3320.0,,,,,,,,,0.0,0.0,0.0,0.0,0.0,0.0,0.0,0.0
2010-01,71.0,354.0,10.0,5188.0,0.0,5127.0,425.0,5065.0,-32.0,264.0,456.0,143.0,287.0,2.0,,773.0,232.0,-636.0,12717.0,757.0,,578.0,1079.0,5984.0,,967.0,,6389.0,13366.0,21.0,,1033.0,2661.0,,,,,,,,,0.0,0.0,0.0,0.0,0.0,0.0,0.0,0.0
2010-02,38.0,316.0,21.0,4786.0,0.0,4769.0,354.0,4668.0,14.0,250.0,574.0,120.0,185.0,4.0,,741.0,264.0,96.0,11955.0,760.0,,652.0,1218.0,6776.0,,1165.0,,6237.0,12717.0,38.0,,993.0,2693.0,,,,,,,,,0.0,0.0,0.0,0.0,0.0,0.0,0.0,0.0
2010-03,24.0,292.0,15.0,5055.0,0.0,5046.0,316.0,5000.0,82.0,168.0,465.0,169.0,476.0,9.0,,850.0,250.0,-700.0,12308.0,1082.0,,622.0,1278.0,5656.0,,1224.0,,6144.0,11955.0,70.0,,1120.0,2838.0,,,,,,,,,0.0,0.0,0.0,0.0,0.0,0.0,0.0,0.0
2010-04,-21.0,313.0,5.0,4307.0,0.0,4333.0,292.0,4304.0,1.0,167.0,452.0,205.0,369.0,6.0,,814.0,168.0,-278.0,12472.0,970.0,,455.0,850.0,6171.0,,1110.0,,6258.0,12308.0,51.0,,1093.0,2600.0,,,,,,,,,0.0,0.0,0.0,0.0,0.0,0.0,0.0,0.0
2010-05,56.0,257.0,4.0,4321.0,0.0,4269.0,313.0,4310.0,-45.0,212.0,401.0,220.0,400.0,8.0,,838.0,167.0,16.0,11943.0,1074.0,,423.0,772.0,5395.0,,768.0,,5640.0,12472.0,45.0,,1136.0,2321.0,,,,,,,,,0.0,0.0,0.0,0.0,0.0,0.0,0.0,0.0
2010-06,50.0,207.0,7.0,4458.0,0.0,4415.0,257.0,4424.0,64.0,148.0,490.0,171.0,400.0,11.0,,815.0,212.0,194.0,11697.0,1007.0,,424.0,1163.0,5999.0,,841.0,,5927.0,11943.0,44.0,,1094.0,2587.0,,,,,,,,,0.0,0.0,0.0,0.0,0.0,0.0,0.0,0.0
2010-07,32.0,175.0,2.0,4902.0,0.0,4872.0,207.0,4866.0,-19.0,167.0,379.0,169.0,432.0,8.0,,822.0,148.0,293.0,11496.0,910.0,,598.0,1342.0,6815.0,,996.0,,6381.0,11697.0,55.0,,1095.0,2881.0,,,,,,,,,0.0,0.0,0.0,0.0,0.0,0.0,0.0,0.0
2010-08,-1.0,176.0,2.0,4644.0,0.0,4647.0,175.0,4612.0,-40.0,207.0,368.0,132.0,424.0,9.0,,823.0,167.0,383.0,11532.0,897.0,,596.0,1164.0,6748.0,,930.0,,6289.0,11496.0,43.0,,1105.0,3058.0,,,,,,,,,0.0,0.0,0.0,0.0,0.0,0.0,0.0,0.0
2010-09,24.0,152.0,0.0,4500.0,0.0,4476.0,176.0,4420.0,-42.0,249.0,310.0,160.0,452.0,6.0,,798.0,207.0,324.0,11723.0,795.0,,656.0,1339.0,7055.0,,1142.0,,6337.0,11532.0,47.0,,1074.0,3443.0,,,,,,,,,0.0,0.0,0.0,0.0,0.0,0.0,0.0,0.0
2010-10,-286.0,438.0,14.0,4747.0,0.0,5047.0,152.0,4606.0,-43.0,292.0,498.0,193.0,271.0,7.0,,805.0,249.0,278.0,11734.0,965.0,,742.0,1389.0,7174.0,,1254.0,,6545.0,11723.0,62.0,,1095.0,3448.0,,,,,,,,,0.0,0.0,0.0,0.0,0.0,0.0,0.0,0.0
2010-11,17.0,421.0,0.0,4798.0,0.0,4781.0,438.0,4689.0,-11.0,303.0,486.0,175.0,241.0,3.0,,735.0,292.0,731.0,11156.0,543.0,,824.0,1321.0,7871.0,,1217.0,,6419.0,11734.0,47.0,,997.0,3535.0,,,,,,,,,0.0,0.0,0.0,0.0,0.0,0.0,0.0,0.0
2010-12,147.0,274.0,20.0,4855.0,0.0,4728.0,421.0,4766.0,-57.0,360.0,331.0,152.0,348.0,3.0,,733.0,303.0,-249.0,10005.0,523.0,,759.0,1306.0,7137.0,,1285.0,,6589.0,11156.0,35.0,,1002.0,2823.0,,,,,,,,,0.0,0.0,0.0,0.0,0.0,0.0,0.0,0.0
2011-01,-171.0,445.0,17.0,5221.0,0.0,5409.0,274.0,5175.0,9.0,351.0,567.0,194.0,248.0,7.0,,799.0,360.0,523.0,4392.0,605.0,,666.0,1091.0,7307.0,,1280.0,,6064.0,4915.0,45.0,,1072.0,3499.0,,,,,,,,,0.0,0.0,0.0,0.0,0.0,0.0,0.0,0.0
2011-02,-11.0,456.0,0.0,4818.0,1.0,4828.0,445.0,4677.0,70.0,281.0,536.0,161.0,297.0,6.0,,757.0,351.0,334.0,4058.0,547.0,,666.0,1154.0,6956.0,,1153.0,,5973.0,4392.0,43.0,,1017.0,3126.0,,,,,,,,,0.0,0.0,0.0,0.0,0.0,0.0,0.0,0.0
2011-03,37.0,419.0,0.0,5238.0,1.0,5200.0,456.0,5160.0,72.0,209.0,556.0,203.0,353.0,5.0,,832.0,281.0,279.0,3779.0,634.0,,666.0,1443.0,7640.0,,1103.0,,6825.0,4058.0,67.0,,1118.0,3408.0,,,,,,,,,0.0,0.0,0.0,0.0,0.0,0.0,0.0,0.0
2011-04,41.0,378.0,0.0,4613.0,2.0,4570.0,419.0,4585.0,-18.0,227.0,523.0,194.0,242.0,8.0,,775.0,209.0,251.0,3528.0,649.0,,492.0,1222.0,6674.0,,968.0,,6025.0,3779.0,79.0,,1042.0,3103.0,,,,,,,,,0.0,0.0,0.0,0.0,0.0,0.0,0.0,0.0
2011-05,105.0,273.0,0.0,4986.0,4.0,4877.0,378.0,4970.0,-71.0,298.0,523.0,189.0,254.0,8.0,,840.0,227.0,282.0,3246.0,529.0,,528.0,1354.0,7506.0,,1373.0,,6329.0,3528.0,51.0,,1132.0,3261.0,,,,,,,,,0.0,0.0,0.0,0.0,0.0,0.0,0.0,0.0
2011-06,-22.0,295.0,0.0,5331.0,2.0,5351.0,273.0,5293.0,-33.0,331.0,424.0,174.0,364.0,6.0,,815.0,298.0,212.0,3034.0,399.0,,504.0,1442.0,7578.0,,1363.0,,6291.0,3246.0,111.0,,1102.0,3192.0,,,,,,,,,0.0,0.0,0.0,0.0,0.0,0.0,0.0,0.0
2011-07,-51.0,346.0,0.0,5251.0,4.0,5298.0,295.0,5221.0,-99.0,430.0,472.0,164.0,244.0,8.0,,807.0,331.0,191.0,2843.0,348.0,,535.0,1209.0,7419.0,,1338.0,,6176.0,3034.0,62.0,,1090.0,3224.0,,,,,,,,,0.0,0.0,0.0,0.0,0.0,0.0,0.0,0.0
2011-08,73.0,273.0,0.0,5585.0,7.0,5505.0,346.0,5504.0,12.0,418.0,519.0,166.0,267.0,6.0,,768.0,430.0,187.0,2656.0,603.0,,628.0,1152.0,7254.0,,1390.0,,6213.0,2843.0,67.0,,1036.0,3234.0,,,,,,,,,0.0,0.0,0.0,0.0,0.0,0.0,0.0,0.0
2011-09,-102.0,375.0,0.0,5300.0,7.0,5395.0,273.0,5192.0,22.0,396.0,472.0,180.0,278.0,6.0,,722.0,418.0,-8.0,2664.0,686.0,,656.0,1361.0,6725.0,,1112.0,,6234.0,2656.0,73.0,,973.0,3041.0,,,,,,,,,0.0,0.0,0.0,0.0,0.0,0.0,0.0,0.0
2011-10,-23.0,398.0,0.0,5391.0,8.0,5406.0,375.0,5256.0,10.0,386.0,487.0,158.0,225.0,6.0,,696.0,396.0,17.0,2647.0,553.0,,723.0,1144.0,6612.0,,976.0,,6104.0,2664.0,68.0,,933.0,3123.0,,,,,,,,,0.0,0.0,0.0,0.0,0.0,0.0,0.0,0.0
2011-11,43.0,355.0,27.0,5229.0,7.0,5206.0,398.0,5125.0,21.0,365.0,474.0,164.0,200.0,6.0,,647.0,386.0,1.0,2646.0,527.0,,766.0,1049.0,6954.0,,1094.0,,6323.0,2647.0,63.0,,866.0,3430.0,,,,,,,,,0.0,0.0,0.0,0.0,0.0,0.0,0.0,0.0
2011-12,42.0,313.0,14.0,5828.0,5.0,5795.0,355.0,5743.0,-34.0,399.0,381.0,219.0,268.0,7.0,,676.0,365.0,-394.0,3040.0,492.0,,714.0,1058.0,7682.0,,1451.0,,7066.0,2646.0,51.0,,907.0,3783.0,,,,,,,,,0.0,0.0,0.0,0.0,0.0,0.0,0.0,0.0
2012-01,-58.0,371.0,16.0,5724.0,3.0,5795.0,313.0,5712.0,-31.0,430.0,385.0,205.0,300.0,7.0,,709.0,399.0,-587.0,3627.0,308.0,,628.0,616.0,6801.0,,1009.0,,6646.0,3040.0,41.0,,957.0,3539.0,,,,,,,,,0.0,0.0,0.0,0.0,0.0,0.0,0.0,0.0
2012-02,-74.0,445.0,15.0,5802.0,4.0,5887.0,371.0,5691.0,-25.0,455.0,412.0,204.0,251.0,10.0,,678.0,430.0,-619.0,4246.0,486.0,,725.0,978.0,6272.0,,723.0,,6622.0,3627.0,32.0,,806.0,3062.0,,,,,,,,,0.0,0.0,0.0,0.0,0.0,0.0,0.0,0.0
2012-03,65.0,380.0,8.0,5294.0,4.0,5233.0,445.0,5246.0,-18.0,473.0,367.0,193.0,363.0,10.0,,738.0,455.0,-372.0,4618.0,534.0,,670.0,1068.0,6462.0,,681.0,,6629.0,4246.0,58.0,,996.0,3054.0,,,,,,,,,0.0,0.0,0.0,0.0,0.0,0.0,0.0,0.0
2012-04,-17.0,397.0,10.0,5161.0,6.0,5182.0,380.0,5117.0,-33.0,506.0,421.0,185.0,277.0,14.0,,717.0,473.0,-713.0,5331.0,395.0,,557.0,1004.0,5751.0,,574.0,,6229.0,4618.0,56.0,,971.0,2667.0,,,,,,,,,0.0,0.0,0.0,0.0,0.0,0.0,0.0,0.0
2012-05,181.0,216.0,9.0,5243.0,7.0,5064.0,397.0,5186.0,39.0,467.0,554.0,181.0,239.0,14.0,,740.0,506.0,-488.0,5819.0,421.0,,607.0,1238.0,6239.0,,724.0,,6369.0,5331.0,55.0,,1003.0,2699.0,,,,,,,,,0.0,0.0,0.0,0.0,0.0,0.0,0.0,0.0
2012-06,-75.0,291.0,2.0,5379.0,7.0,5449.0,216.0,5367.0,8.0,459.0,523.0,165.0,223.0,11.0,,727.0,467.0,-417.0,6236.0,431.0,,672.0,1261.0,6065.0,,609.0,,6250.0,5819.0,54.0,,985.0,2520.0,,,,,,,,,0.0,0.0,0.0,0.0,0.0,0.0,0.0,0.0
2012-07,12.0,279.0,0.0,5419.0,8.0,5399.0,291.0,5387.0,39.0,420.0,586.0,180.0,218.0,10.0,,755.0,459.0,-728.0,6964.0,468.0,,487.0,1029.0,6208.0,,845.0,,6500.0,6236.0,59.0,,1020.0,2743.0,,,,,,,,,0.0,0.0,0.0,0.0,0.0,0.0,0.0,0.0
2012-08,6.0,273.0,12.0,5241.0,13.0,5234.0,279.0,5162.0,-40.0,460.0,474.0,187.0,237.0,13.0,,738.0,420.0,-541.0,7505.0,611.0,,481.0,1094.0,6258.0,,780.0,,6578.0,6964.0,52.0,,1000.0,2852.0,,,,,,,,,0.0,0.0,0.0,0.0,0.0,0.0,0.0,0.0
2012-09,-18.0,291.0,5.0,5052.0,8.0,5067.0,273.0,4969.0,34.0,426.0,503.0,187.0,258.0,11.0,,716.0,460.0,-231.0,7736.0,803.0,,543.0,1228.0,6313.0,,813.0,,6479.0,7505.0,55.0,,964.0,2911.0,,,,,,,,,0.0,0.0,0.0,0.0,0.0,0.0,0.0,0.0
2012-10,0.0,291.0,15.0,5152.0,13.0,5154.0,291.0,5036.0,-22.0,448.0,530.0,162.0,197.0,12.0,,737.0,426.0,-480.0,8216.0,833.0,,710.0,1386.0,6961.0,,824.0,,7398.0,7736.0,52.0,,1000.0,3279.0,,,,,,,,,0.0,0.0,0.0,0.0,0.0,0.0,0.0,0.0
2012-11,-126.0,417.0,20.0,5317.0,10.0,5453.0,291.0,5217.0,-39.0,487.0,472.0,135.0,180.0,7.0,,684.0,448.0,-628.0,8844.0,868.0,,807.0,916.0,6728.0,,990.0,,7191.0,8216.0,43.0,,926.0,3167.0,,,,,,,,,0.0,0.0,0.0,0.0,0.0,0.0,0.0,0.0
2012-12,-47.0,464.0,22.0,5238.0,6.0,5301.0,417.0,5164.0,23.0,464.0,538.0,170.0,211.0,8.0,,718.0,487.0,-103.0,8947.0,717.0,,766.0,731.0,6493.0,,948.0,,6343.0,8844.0,22.0,,944.0,3115.0,,,,,,,,,0.0,0.0,0.0,0.0,0.0,0.0,0.0,0.0
2013-01,122.0,342.0,18.0,5604.0,6.0,5494.0,464.0,5507.0,49.0,415.0,578.0,200.0,250.0,7.0,,772.0,464.0,-430.0,9377.0,687.0,,515.0,989.0,6656.0,,828.0,,6913.0,8947.0,32.0,,1056.0,3209.0,,,,,,,,,0.0,0.0,0.0,0.0,0.0,0.0,0.0,0.0
2013-02,-45.0,387.0,18.0,5001.0,6.0,5058.0,342.0,4928.0,98.0,317.0,584.0,196.0,266.0,8.0,,744.0,415.0,-416.0,9793.0,1001.0,,552.0,934.0,5346.0,,634.0,,6092.0,9377.0,37.0,,980.0,2678.0,,,,,,,,,0.0,0.0,0.0,0.0,0.0,0.0,0.0,0.0
2013-03,95.0,292.0,15.0,5576.0,8.0,5488.0,387.0,5477.0,10.0,307.0,560.0,208.0,295.0,9.0,,836.0,317.0,325.0,9468.0,996.0,,601.0,1221.0,6531.0,,909.0,,6252.0,9793.0,41.0,,1105.0,2808.0,,,,,,,,,0.0,0.0,0.0,0.0,0.0,0.0,0.0,0.0
2013-04,-109.0,401.0,16.0,5295.0,8.0,5412.0,292.0,5244.0,0.0,307.0,563.0,200.0,263.0,15.0,,811.0,307.0,378.0,9090.0,963.0,,514.0,1251.0,6467.0,,805.0,,6205.0,9468.0,42.0,,1082.0,2800.0,,,,,,,,,0.0,0.0,0.0,0.0,0.0,0.0,0.0,0.0
2013-05,-47.0,448.0,24.0,5337.0,12.0,5396.0,401.0,5299.0,-63.0,370.0,516.0,179.0,256.0,7.0,,828.0,307.0,325.0,8765.0,1069.0,,474.0,1014.0,6017.0,,752.0,,5969.0,9090.0,40.0,,1104.0,2755.0,,,,,,,,,0.0,0.0,0.0,0.0,0.0,0.0,0.0,0.0
2013-06,-85.0,533.0,0.0,5358.0,12.0,5431.0,448.0,5330.0,-81.0,451.0,503.0,153.0,203.0,23.0,,764.0,370.0,-416.0,9181.0,1125.0,,470.0,987.0,5408.0,,640.0,,6269.0,8765.0,40.0,,1015.0,2638.0,,,,,,,,,0.0,0.0,0.0,0.0,0.0,0.0,0.0,0.0
2013-07,2.0,531.0,0.0,5605.0,11.0,5592.0,533.0,5564.0,74.0,377.0,590.0,218.0,264.0,18.0,,762.0,451.0,-187.0,9368.0,873.0,,524.0,1294.0,6212.0,,666.0,,6565.0,9181.0,41.0,,1007.0,2759.0,,,,,,,,,0.0,0.0,0.0,0.0,0.0,0.0,0.0,0.0
2013-08,-31.0,562.0,1.0,5453.0,16.0,5469.0,531.0,5405.0,-40.0,417.0,432.0,220.0,299.0,22.0,,749.0,377.0,98.0,9270.0,929.0,,499.0,1290.0,6275.0,,818.0,,6233.0,9368.0,55.0,,992.0,3065.0,,,,,,,,,0.0,0.0,0.0,0.0,0.0,0.0,0.0,0.0
2013-09,-50.0,612.0,11.0,5356.0,17.0,5400.0,562.0,5249.0,-29.0,446.0,469.0,205.0,262.0,18.0,,742.0,417.0,393.0,8877.0,881.0,,618.0,1302.0,6898.0,,964.0,,6367.0,9270.0,55.0,,983.0,3326.0,,,,,,,,,0.0,0.0,0.0,0.0,0.0,0.0,0.0,0.0
2013-10,89.0,523.0,39.0,6005.0,29.0,5926.0,612.0,5854.0,13.0,433.0,537.0,165.0,267.0,18.0,,773.0,446.0,536.0,8341.0,935.0,,751.0,1430.0,7937.0,,1252.0,,7026.0,8877.0,58.0,,1024.0,3739.0,,,,,,,,,0.0,0.0,0.0,0.0,0.0,0.0,0.0,0.0
2013-11,19.0,504.0,42.0,5789.0,22.0,5790.0,523.0,5686.0,35.0,398.0,679.0,148.0,160.0,17.0,,787.0,433.0,611.0,7730.0,728.0,,744.0,1155.0,7233.0,,1075.0,,6220.0,8341.0,55.0,,1035.0,3379.0,,,,,,,,,0.0,0.0,0.0,0.0,0.0,0.0,0.0,0.0
2013-12,-29.0,533.0,34.0,5509.0,9.0,5563.0,504.0,5412.0,22.0,376.0,548.0,171.0,283.0,16.0,,793.0,398.0,344.0,7386.0,605.0,,765.0,1122.0,7541.0,,1390.0,,6355.0,7730.0,57.0,,1045.0,3189.0,,,,,,,,,0.0,0.0,0.0,0.0,0.0,0.0,0.0,0.0
2014-01,-66.0,599.0,36.0,5622.0,15.0,5709.0,533.0,5531.0,-33.0,409.0,519.0,227.0,274.0,19.0,,807.0,376.0,-98.0,7484.0,671.0,,562.0,890.0,6514.0,,1043.0,,6190.0,7386.0,50.0,,1075.0,3104.0,,,,,,,,,0.0,0.0,0.0,0.0,0.0,0.0,0.0,0.0
2014-02,38.0,561.0,28.0,4870.0,13.0,4847.0,599.0,4806.0,43.0,366.0,569.0,211.0,236.0,14.0,,748.0,409.0,-648.0,8132.0,702.0,,559.0,862.0,5730.0,,829.0,,6192.0,7484.0,59.0,,984.0,2624.0,,,,,,,,,0.0,0.0,0.0,0.0,0.0,0.0,0.0,0.0
2014-03,-30.0,591.0,12.0,5248.0,9.0,5281.0,561.0,5211.0,30.0,336.0,512.0,213.0,355.0,7.0,,830.0,366.0,-472.0,8604.0,946.0,,552.0,905.0,5728.0,,1012.0,,6075.0,8132.0,59.0,,1093.0,2514.0,,,,,,,,,0.0,0.0,0.0,0.0,0.0,0.0,0.0,0.0
2014-04,60.0,531.0,17.0,4961.0,10.0,4908.0,591.0,4930.0,-41.0,377.0,496.0,171.0,248.0,10.0,,775.0,336.0,-302.0,8906.0,837.0,,466.0,767.0,5196.0,,701.0,,5568.0,8604.0,66.0,,1023.0,2369.0,,,,,,,,,0.0,0.0,0.0,0.0,0.0,0.0,0.0,0.0
2014-05,-29.0,560.0,13.0,5229.0,9.0,5262.0,531.0,5197.0,37.0,340.0,599.0,198.0,242.0,12.0,,792.0,377.0,-258.0,9164.0,732.0,,402.0,750.0,5470.0,,709.0,,5681.0,8906.0,70.0,,1048.0,2606.0,,,,,,,,,0.0,0.0,0.0,0.0,0.0,0.0,0.0,0.0
2014-06,-56.0,616.0,12.0,5109.0,13.0,5164.0,560.0,5079.0,22.0,318.0,524.0,217.0,255.0,11.0,,746.0,340.0,-468.0,9632.0,640.0,,423.0,789.0,5333.0,,837.0,,5531.0,9164.0,73.0,,987.0,2528.0,,,,,,,,,0.0,0.0,0.0,0.0,0.0,0.0,0.0,0.0
2014-07,96.0,520.0,10.0,5519.0,11.0,5422.0,616.0,5483.0,-1.0,319.0,477.0,221.0,311.0,12.0,,777.0,318.0,-461.0,10093.0,730.0,,466.0,905.0,6233.0,,877.0,,6491.0,9632.0,56.0,,1024.0,3044.0,,,,,,,,,0.0,0.0,0.0,0.0,0.0,0.0,0.0,0.0
2014-08,-41.0,561.0,16.0,5490.0,12.0,5535.0,520.0,5441.0,53.0,266.0,563.0,199.0,290.0,11.0,,789.0,319.0,92.0,10001.0,707.0,,470.0,898.0,5549.0,,604.0,,5512.0,10093.0,48.0,,1051.0,3142.0,,,,,,,,,0.0,0.0,0.0,0.0,0.0,0.0,0.0,0.0
2014-09,-23.0,584.0,37.0,5361.0,18.0,5403.0,561.0,5271.0,71.0,195.0,601.0,196.0,279.0,26.0,,783.0,266.0,292.0,9709.0,763.0,,665.0,1331.0,6931.0,,908.0,,6425.0,10001.0,69.0,,926.0,3267.0,,,,,,,,,0.0,0.0,0.0,0.0,0.0,0.0,0.0,0.0
2014-10,-16.0,600.0,35.0,5593.0,15.0,5629.0,584.0,5501.0,0.0,195.0,572.0,188.0,288.0,16.0,,844.0,195.0,246.0,9463.0,841.0,,745.0,1331.0,7082.0,,973.0,,6638.0,9709.0,66.0,,1120.0,3111.0,,,,,,,,,0.0,0.0,0.0,0.0,0.0,0.0,0.0,0.0
2014-11,-26.0,626.0,51.0,5298.0,14.0,5361.0,600.0,5221.0,10.0,185.0,605.0,177.0,233.0,10.0,,818.0,195.0,637.0,8826.0,602.0,,689.0,876.0,6908.0,,914.0,,5899.0,9463.0,60.0,,1085.0,3332.0,,,,,,,,,0.0,0.0,0.0,0.0,0.0,0.0,0.0,0.0
2014-12,162.0,464.0,36.0,5493.0,10.0,5357.0,626.0,5396.0,-3.0,188.0,632.0,188.0,222.0,11.0,,846.0,185.0,-130.0,8956.0,621.0,,721.0,834.0,6553.0,,934.0,,6312.0,8826.0,58.0,,1118.0,3532.0,,,,,,,,,0.0,0.0,0.0,0.0,0.0,0.0,0.0,0.0
2015-01,-148.0,612.0,21.0,5445.0,3.0,5611.0,464.0,5364.0,17.0,171.0,523.0,194.0,348.0,10.0,,844.0,188.0,4.0,8952.0,654.0,,394.0,766.0,5677.0,,594.0,,5678.0,8956.0,55.0,,1116.0,2896.0,,,,,,,,,0.0,0.0,0.0,0.0,0.0,0.0,0.0,0.0
2015-02,-16.0,628.0,16.0,5184.0,9.0,5207.0,612.0,5097.0,16.0,155.0,448.0,207.0,272.0,11.0,,693.0,171.0,-404.0,9356.0,508.0,,457.0,766.0,5002.0,,681.0,,5192.0,8952.0,41.0,,901.0,2397.0,,,,,,,,,0.0,0.0,0.0,0.0,0.0,0.0,0.0,0.0
2015-03,-40.0,668.0,19.0,5519.0,11.0,5567.0,628.0,5456.0,-20.0,175.0,530.0,212.0,307.0,8.0,,849.0,155.0,-3.0,9359.0,897.0,,493.0,1063.0,5901.0,,695.0,,6062.0,9356.0,44.0,,1122.0,3042.0,,,,,,,,,0.0,0.0,0.0,0.0,0.0,0.0,0.0,0.0
2015-04,124.0,544.0,13.0,4787.0,9.0,4667.0,668.0,4742.0,-77.0,252.0,511.0,246.0,246.0,9.0,,825.0,175.0,553.0,8806.0,836.0,,641.0,885.0,6124.0,,481.0,,5884.0,9359.0,42.0,,1077.0,2907.0,,,,,,,,,0.0,0.0,0.0,0.0,0.0,0.0,0.0,0.0
2015-05,-61.0,605.0,12.0,5083.0,12.0,5144.0,544.0,5049.0,-5.0,257.0,601.0,216.0,235.0,5.0,,836.0,252.0,921.0,7885.0,946.0,,534.0,852.0,6074.0,,381.0,,5672.0,8806.0,46.0,,1102.0,3409.0,,,,,,,,,0.0,0.0,0.0,0.0,0.0,0.0,0.0,0.0
2015-06,-19.0,624.0,11.0,5444.0,7.0,5467.0,605.0,5409.0,-44.0,301.0,464.0,247.0,293.0,5.0,,796.0,257.0,604.0,7281.0,743.0,,582.0,1038.0,6444.0,,646.0,,5890.0,7885.0,47.0,,1049.0,2719.0,,,,,,,,,0.0,0.0,0.0,0.0,0.0,0.0,0.0,0.0
2015-07,-2.0,626.0,15.0,5784.0,19.0,5782.0,624.0,5735.0,-63.0,364.0,553.0,239.0,240.0,6.0,,850.0,301.0,-523.0,7804.0,712.0,,439.0,977.0,5441.0,,546.0,,6096.0,7281.0,34.0,,903.0,2456.0,,,,,,,,,0.0,0.0,0.0,0.0,0.0,0.0,0.0,0.0
2015-08,26.0,600.0,4.0,5257.0,15.0,5220.0,626.0,5193.0,8.0,356.0,602.0,212.0,250.0,7.0,,837.0,364.0,552.0,7252.0,945.0,,475.0,974.0,5937.0,,667.0,,5630.0,7804.0,33.0,,1114.0,2958.0,,,,,,,,,0.0,0.0,0.0,0.0,0.0,0.0,0.0,0.0
2015-09,26.0,574.0,16.0,4964.0,18.0,4936.0,600.0,4884.0,54.0,302.0,568.0,212.0,293.0,8.0,,799.0,356.0,153.0,7099.0,954.0,,674.0,1311.0,6309.0,,971.0,,6086.0,7252.0,53.0,,1065.0,2779.0,,,,,,,,,0.0,0.0,0.0,0.0,0.0,0.0,0.0,0.0
2015-10,77.0,497.0,22.0,5458.0,31.0,5372.0,574.0,5361.0,-28.0,330.0,515.0,215.0,284.0,11.0,,816.0,302.0,87.0,7012.0,664.0,,729.0,1330.0,7028.0,,771.0,,6801.0,7099.0,33.0,,1085.0,3481.0,,,,,,,,,0.0,0.0,0.0,0.0,0.0,0.0,0.0,0.0
2015-11,-119.0,616.0,27.0,5020.0,40.0,5126.0,497.0,4918.0,-38.0,368.0,562.0,178.0,216.0,7.0,,809.0,330.0,69.0,6943.0,574.0,,757.0,1104.0,7153.0,,931.0,,6691.0,7012.0,36.0,,1071.0,3387.0,,,,,,,,,0.0,0.0,0.0,0.0,0.0,0.0,0.0,0.0
2015-12,-8.0,624.0,21.0,5015.0,12.0,5032.0,616.0,4942.0,-5.0,373.0,578.0,202.0,264.0,8.0,,839.0,368.0,291.0,6652.0,719.0,,633.0,1892.0,6977.0,,853.0,,6507.0,6943.0,45.0,,1125.0,3496.0,,,,,,,,,0.0,0.0,0.0,0.0,0.0,0.0,0.0,0.0
2016-01,-59.0,683.0,96.0,4851.0,16.0,4990.0,624.0,4846.0,-161.0,534.0,406.0,212.0,265.0,5.0,,827.0,373.0,76.0,6576.0,459.0,,544.0,1138.0,6151.0,,539.0,,5966.0,6652.0,29.0,,1013.0,2996.0,,,,,,,,,0.0,0.0,0.0,0.0,0.0,0.0,0.0,0.0
2016-02,31.0,652.0,13.0,4633.0,14.0,4601.0,683.0,4577.0,12.0,522.0,603.0,209.0,211.0,13.0,,789.0,534.0,-529.0,7105.0,508.0,,607.0,702.0,6119.0,,998.0,,6125.0,6576.0,33.0,,1013.0,2719.0,,,,,,,,,0.0,0.0,0.0,0.0,0.0,0.0,0.0,0.0
2016-03,-69.0,721.0,7.0,4806.0,17.0,4865.0,652.0,4741.0,-2.0,524.0,557.0,234.0,269.0,12.0,,816.0,522.0,288.0,6817.0,855.0,,469.0,1073.0,5507.0,,465.0,,5575.0,7105.0,34.0,,1064.0,2441.0,,,,,,,,,0.0,0.0,0.0,0.0,0.0,0.0,0.0,0.0
2016-04,87.0,634.0,6.0,4490.0,18.0,4391.0,721.0,4439.0,53.0,471.0,577.0,216.0,273.0,15.0,,782.0,524.0,1250.0,5567.0,687.0,,550.0,825.0,6569.0,,741.0,,5233.0,6817.0,32.0,,1041.0,2652.0,,,,,,,,,0.0,0.0,0.0,0.0,0.0,0.0,0.0,0.0
2016-05,54.0,580.0,9.0,4856.0,9.0,4802.0,634.0,4822.0,-10.0,481.0,598.0,184.0,208.0,8.0,,808.0,471.0,-81.0,5648.0,794.0,,465.0,1020.0,5051.0,,413.0,,5491.0,5567.0,22.0,,1058.0,2273.0,,,,,,,,,0.0,0.0,0.0,0.0,0.0,0.0,0.0,0.0
2016-06,24.0,556.0,20.0,4745.0,30.0,4711.0,580.0,4689.0,62.0,419.0,608.0,179.0,254.0,6.0,,794.0,481.0,-611.0,6259.0,831.0,,462.0,798.0,5245.0,,743.0,,5912.0,5648.0,32.0,,1041.0,2285.0,,,,,,,,,0.0,0.0,0.0,0.0,0.0,0.0,0.0,0.0
2016-07,57.0,499.0,0.0,5533.0,26.0,5450.0,556.0,5424.0,21.0,398.0,664.0,180.0,184.0,8.0,,819.0,419.0,53.0,6206.0,836.0,,430.0,711.0,5441.0,,540.0,,5648.0,6259.0,36.0,,1071.0,2666.0,,,,,,,,,0.0,0.0,0.0,0.0,0.0,0.0,0.0,0.0
2016-08,-36.0,535.0,1.0,5646.0,35.0,5648.0,499.0,5584.0,-18.0,416.0,585.0,214.0,234.0,13.0,,824.0,398.0,-519.0,6725.0,813.0,,474.0,936.0,5308.0,,723.0,,5880.0,6206.0,37.0,,1080.0,2629.0,,,,,,,,,0.0,0.0,0.0,0.0,0.0,0.0,0.0,0.0
2016-09,-29.0,564.0,16.0,5193.0,26.0,5212.0,535.0,5113.0,38.0,378.0,587.0,181.0,273.0,16.0,,806.0,416.0,2356.0,4369.0,914.0,,553.0,3291.0,8367.0,,715.0,,6172.0,6725.0,38.0,,1043.0,3032.0,,,,,,,,,0.0,0.0,0.0,0.0,0.0,0.0,0.0,0.0
2016-10,13.0,551.0,2.0,5055.0,17.0,5027.0,564.0,5001.0,-15.0,393.0,593.0,223.0,229.0,10.0,,827.0,378.0,417.0,3952.0,898.0,,615.0,1313.0,6305.0,,472.0,,6274.0,4369.0,40.0,,1077.0,3031.0,,,,,,,,,0.0,0.0,0.0,0.0,0.0,0.0,0.0,0.0
2016-11,34.0,517.0,15.0,5333.0,25.0,5289.0,551.0,5166.0,-23.0,416.0,553.0,207.0,220.0,10.0,,786.0,393.0,273.0,3679.0,749.0,,735.0,1165.0,6506.0,,854.0,,6096.0,3952.0,32.0,,1023.0,2757.0,,,,,,,,,0.0,0.0,0.0,0.0,0.0,0.0,0.0,0.0
2016-12,-49.0,566.0,27.0,5202.0,18.0,5260.0,517.0,5064.0,38.0,378.0,604.0,215.0,282.0,9.0,,839.0,416.0,235.0,3444.0,706.0,,755.0,1151.0,6682.0,,1072.0,,6046.0,3679.0,35.0,,1069.0,2577.0,,,,,,,,,0.0,0.0,0.0,0.0,0.0,0.0,0.0,0.0
2017-01,-104.113,670.498,17.347,5950.46,19.919,6052.001,566.385,5834.911,12.33,365.47,539.154,228.969,254.131,5.769,5.509,775.186,377.8,196.48,3247.442,506.0,9.08,557.867,983.531,5810.524,5108.485,458.351,454.172,5635.617,3443.922,26.076,702.039,917.276,2649.811,0.0,0.0,0.0,0.0,0.0,0.0,0.0,0.0,0.0,,0.0,0.0,0.0,0.0,,0.0
2017-02,46.291,624.207,11.172,5150.698,14.304,5101.275,670.498,5063.059,-98.954,464.424,380.838,206.216,244.365,10.385,5.893,713.772,365.47,183.588,3063.854,659.337,8.817,542.588,978.535,5547.361,5041.477,814.784,809.591,5174.079,3247.442,34.247,505.884,917.276,2603.078,0.0,0.0,0.0,0.0,0.0,0.0,0.0,0.0,0.0,,0.0,0.0,0.0,0.0,,0.0
2017-03,11.936,612.271,21.959,5207.484,19.739,5197.768,624.207,5143.366,-92.179,556.603,470.549,181.212,254.855,12.419,7.326,805.164,464.424,32.766,3031.088,762.293,8.817,583.47,1348.747,6004.677,5455.935,726.542,713.974,5968.345,3063.854,39.317,548.742,759.372,2764.346,0.0,0.0,0.0,0.0,0.0,0.0,0.0,0.0,0.0,,0.0,0.0,0.0,0.0,,0.0
2017-04,14.734,597.537,20.602,4604.768,20.942,4589.694,612.271,4567.809,117.836,438.767,638.963,199.768,254.593,8.479,3.713,767.241,556.603,-17.005,3048.093,587.526,8.905,524.672,956.126,5773.714,4845.809,1054.86,1024.671,5284.878,3031.088,38.507,927.905,995.556,2369.455,0.0,0.0,0.0,0.0,0.0,0.0,0.0,0.0,0.0,,0.0,0.0,0.0,0.0,,0.0
2017-05,-6.399,603.936,23.037,5082.096,15.651,5095.881,597.537,5055.695,24.995,413.772,546.778,217.14,297.83,17.091,10.227,802.522,438.767,137.688,2910.405,593.466,18.057,541.503,1041.719,5855.682,5352.372,768.723,750.208,5504.988,3048.093,37.749,503.31,1042.142,2727.008,0.0,0.0,0.0,0.0,0.0,0.0,0.0,0.0,0.0,,0.0,0.0,0.0,0.0,,0.0
2017-06,122.388,481.548,15.178,4823.091,19.181,4696.7,603.936,4735.442,35.649,378.123,555.363,209.395,260.419,6.732,4.461,773.401,413.772,133.768,2776.637,563.84,18.057,516.468,1001.986,5629.559,4984.304,824.169,796.452,5196.279,2910.405,39.183,645.255,1002.294,2463.556,0.0,0.0,0.0,0.0,0.0,0.0,0.0,0.0,0.0,,0.0,0.0,0.0,0.0,,0.0
2017-07,120.546,361.002,0.019,5490.934,15.469,5354.938,481.548,5459.132,-94.674,472.797,457.463,219.444,268.074,12.215,6.722,807.996,378.123,-113.82,2890.457,595.725,18.057,540.081,864.367,5642.18,4848.151,1175.594,1140.462,5132.392,2776.637,43.739,794.029,1049.943,2393.76,0.0,0.0,0.0,0.0,0.0,0.0,0.0,0.0,0.0,,0.0,0.0,0.0,0.0,,0.0
2017-08,-72.631,433.633,14.12,5022.358,20.814,5088.295,361.002,4964.117,23.995,448.802,602.402,210.713,259.183,13.111,4.752,824.479,472.797,0.237,2890.22,548.134,30.664,536.802,951.048,6227.906,5202.028,1395.386,1346.589,5330.065,2890.457,50.352,1025.878,1060.871,2653.307,0.0,0.0,0.0,0.0,0.0,0.0,0.0,0.0,0.0,,0.0,0.0,0.0,0.0,,0.0
2017-09,-124.296,557.929,27.377,5079.23,21.176,5209.727,433.633,4987.349,138.643,310.159,602.402,216.787,347.276,39.689,16.734,771.346,448.802,-147.279,3037.499,506.26,33.0,567.677,939.115,6310.09,5187.14,1286.136,1251.262,5632.718,2890.22,44.775,1122.95,984.875,2695.473,0.0,0.0,0.0,0.0,0.0,0.0,0.0,0.0,0.0,,0.0,0.0,0.0,0.0,,0.0
2017-10,55.18,502.749,28.089,4866.271,41.171,4798.009,557.929,4754.8,-32.352,342.511,521.028,192.227,270.459,26.153,16.734,797.686,310.159,-167.642,3205.141,501.294,33.0,688.644,1015.413,6709.918,5672.078,1373.907,1335.456,5953.326,3037.499,51.621,1037.84,1025.567,2942.454,0.0,0.0,0.0,0.0,0.0,0.0,0.0,0.0,0.0,,0.0,0.0,0.0,0.0,,0.0
2017-11,20.025,482.724,40.635,4959.158,38.758,4941.01,502.749,4855.431,-19.186,361.697,556.441,202.166,231.855,24.947,3.92,782.535,342.511,0.511,3204.63,569.815,33.0,631.798,842.871,6781.434,5548.064,1625.911,1586.265,5672.156,3205.141,52.671,1233.37,1005.59,3067.805,0.0,0.0,0.0,0.0,0.0,0.0,0.0,0.0,0.0,,0.0,0.0,0.0,0.0,,0.0
2017-12,-146.131,628.855,36.351,4885.226,32.346,5035.362,482.724,4782.72,46.226,315.471,601.932,201.62,294.142,37.085,11.788,812.763,361.697,588.779,2615.851,455.155,33.0,585.342,978.621,6894.964,5442.507,1719.315,1687.573,4995.099,3204.63,46.926,1452.457,1047.293,2831.251,0.0,0.0,0.0,0.0,0.0,0.0,0.0,0.0,0.0,,0.0,0.0,0.0,0.0,,0.0
2018-01,77.094,551.761,32.687,4975.644,29.048,4902.189,628.855,4889.264,-123.944,439.415,504.136,223.643,234.707,22.039,6.477,840.748,315.471,-90.837,2706.688,437.121,33.0,691.358,800.219,6209.716,5307.724,1535.268,1511.687,5162.406,2615.851,40.0,901.992,1091.273,2724.874,0.0,0.0,0.0,0.0,0.0,0.0,0.0,0.0,0.0,,0.0,0.0,0.0,0.0,,0.0
2018-02,30.044,521.717,36.881,4812.164,19.227,4799.774,551.761,4704.693,4.387,435.028,560.788,203.732,223.687,28.148,13.614,751.94,439.415,-272.975,2979.663,273.777,33.0,634.168,793.716,6028.806,5018.188,1357.822,1327.905,5182.582,2706.688,35.154,1010.618,976.318,2613.986,0.0,0.0,0.0,0.0,0.0,0.0,0.0,0.0,0.0,,0.0,0.0,0.0,0.0,,0.0
2018-03,-47.333,569.05,30.05,4980.995,32.208,5026.17,521.717,4833.483,87.319,347.709,663.346,244.88,263.274,13.32,4.664,825.981,435.028,6.245,2973.418,435.028,33.0,739.897,850.387,6830.906,5524.978,1615.57,1573.583,5600.138,2979.663,43.981,1305.928,1076.109,2858.585,0.0,0.0,0.0,0.0,0.0,0.0,0.0,0.0,0.0,,0.0,0.0,0.0,0.0,,0.0
2018-04,14.232,554.818,12.397,4497.511,22.191,4473.485,569.05,4397.546,-91.426,439.135,508.895,194.687,213.895,8.698,4.341,805.518,347.709,3.959,2969.459,381.519,33.0,611.399,734.363,6325.358,5180.949,1406.508,1383.914,5251.917,2973.418,44.493,1144.409,1049.125,2786.062,0.0,0.0,0.0,0.0,0.0,0.0,0.0,0.0,0.0,,0.0,0.0,0.0,0.0,,0.0
2018-05,1.08,553.738,18.55,4717.492,15.536,4719.426,554.818,4611.884,-65.579,504.714,540.001,221.115,244.753,21.743,12.458,828.59,439.135,-178.477,3147.936,378.577,46.0,624.529,728.39,6300.58,5243.293,1561.387,1236.004,5261.485,2969.459,34.762,1057.287,1077.94,2812.434,0.0,0.0,0.0,0.0,0.0,0.0,0.0,0.0,0.0,,0.0,0.0,0.0,0.0,,0.0
2018-06,-15.9,569.6,18.66,4967.585,15.945,4986.2,553.7,4859.6,-0.672,505.386,552.648,217.666,264.731,18.269,8.894,799.782,504.714,-96.727,3244.663,414.772,53.0,578.498,818.129,6410.262,5251.058,1535.329,1510.39,5350.054,3147.936,36.378,1159.204,1039.79,2814.641,0.0,0.0,0.0,0.0,0.0,0.0,0.0,0.0,0.0,,0.0,0.0,0.0,0.0,,0.0
2018-07,-38.621,608.221,0.101,5568.522,12.356,5594.888,569.6,5444.509,-46.512,551.898,561.117,184.777,213.204,11.891,6.458,808.942,505.386,147.101,3097.562,393.924,53.0,552.658,850.0,6952.042,5443.085,2004.59,1979.979,5148.071,3244.663,46.204,1508.957,1051.799,2988.628,0.0,0.0,0.0,0.0,0.0,0.0,0.0,0.0,0.0,,0.0,0.0,0.0,0.0,,0.0
2018-08,47.518,560.703,23.594,4986.99,20.988,4942.078,608.221,4900.0,-12.693,564.591,558.446,160.749,223.033,11.663,7.776,782.509,551.898,113.211,2984.351,440.6,30.0,558.217,818.582,6607.183,5569.698,1478.182,1457.006,5418.824,3097.562,37.566,1037.485,1015.359,3177.54,0.0,0.0,0.0,0.0,0.0,0.0,0.0,0.0,0.0,,0.0,0.0,0.0,0.0,,0.0
2018-09,-47.297,608.0,23.528,4672.664,18.189,4725.3,560.703,4625.9,-8.121,572.712,499.61,187.625,235.454,12.807,4.931,730.378,564.591,195.019,2789.332,389.457,30.0,461.211,822.281,6352.941,5263.725,1619.871,1582.121,4888.107,2984.351,39.401,1089.216,1051.799,2928.434,0.0,0.0,0.0,0.0,0.0,0.0,0.0,0.0,0.0,,0.0,0.0,0.0,0.0,,0.0
2018-10,49.619,558.381,32.751,4741.446,24.326,4700.252,608.0,4587.3,-86.299,659.011,434.599,217.605,292.709,34.102,6.77,779.505,572.712,-166.536,2955.868,403.152,30.0,634.119,939.476,7448.59,5983.06,2119.972,2074.742,5854.862,2789.332,43.444,1465.53,1016.052,3393.413,0.0,0.0,0.0,0.0,0.0,0.0,0.0,0.0,0.0,,0.0,0.0,0.0,0.0,,0.0
2018-11,28.541,529.84,32.196,4731.391,14.098,4720.948,558.381,4611.57,123.964,535.047,633.229,207.644,265.057,8.054,6.077,766.268,659.011,-455.672,3411.54,448.468,30.0,599.933,733.068,6383.019,5454.316,1716.275,1663.764,5531.762,2955.868,39.122,928.703,1006.171,3115.144,0.0,0.0,0.0,0.0,0.0,0.0,0.0,0.0,0.0,,0.0,0.0,0.0,0.0,,0.0
2018-12,-95.98,625.82,25.63,4868.804,10.271,4980.143,529.84,4764.22,117.961,417.086,668.824,223.104,237.664,16.936,4.647,771.591,535.047,63.832,3347.708,390.909,30.0,517.44,626.254,6152.602,5148.061,1714.245,1684.537,4733.838,3411.54,31.596,1004.541,1049.892,2954.475,0.0,0.0,0.0,0.0,0.0,0.0,0.0,0.0,0.0,,0.0,0.0,0.0,0.0,,0.0
2019-01,37.139,588.681,16.574,5084.815,3.12,5061.13,625.82,4968.942,-30.676,447.762,515.279,222.1,297.546,34.781,27.097,808.72,417.086,268.41,3079.298,365.768,30.0,643.397,661.39,7386.055,5590.067,2175.887,2148.823,5271.34,3347.708,36.186,1795.988,1068.026,3217.254,0.0,0.0,0.0,0.0,0.0,0.0,0.0,0.0,0.0,,0.0,0.0,0.0,0.0,,0.0
2019-02,-4.221,592.902,23.615,4225.665,11.901,4241.6,588.681,4105.4,89.356,358.406,588.446,191.639,211.379,7.564,5.769,702.905,447.762,68.881,3010.417,381.585,30.0,767.839,649.923,6203.587,5266.603,1676.579,1651.663,4801.79,3079.298,37.922,936.984,909.912,2938.929,0.0,0.0,0.0,0.0,0.0,0.0,0.0,0.0,0.0,,0.0,0.0,0.0,0.0,,0.0
2019-03,-35.213,628.115,25.308,4170.648,12.589,4218.58,592.902,4080.673,-17.223,375.629,534.346,219.706,244.637,15.627,11.12,780.579,358.406,-506.939,3517.356,458.458,40.0,694.445,750.82,5919.852,5292.774,1397.623,1386.746,5447.068,3010.417,40.558,627.078,1029.136,2818.373,0.0,0.0,0.0,0.0,0.0,0.0,0.0,0.0,0.0,,0.0,0.0,0.0,0.0,,0.0
2019-04,77.634,550.481,7.581,3857.699,15.633,3772.013,628.115,3750.548,-47.559,423.188,518.435,190.258,216.751,11.303,10.404,771.442,375.629,-661.635,4178.991,405.909,40.0,575.274,676.969,5443.363,5176.87,1153.519,1140.14,5326.979,3517.356,30.409,266.493,1004.035,2920.592,0.0,0.0,0.0,0.0,0.0,0.0,0.0,0.0,0.0,,0.0,0.0,0.0,0.0,,0.0
2019-05,-6.048,556.529,1.841,4515.163,15.203,4507.849,550.481,4377.632,-26.027,449.215,568.154,191.017,215.253,11.664,8.318,797.77,423.188,-863.149,5042.14,407.467,50.0,475.49,618.635,5204.677,4608.981,1182.659,1168.881,5259.479,4178.991,33.155,595.696,1039.407,2475.449,0.0,0.0,0.0,0.0,0.0,0.0,0.0,0.0,0.0,,0.0,0.0,0.0,0.0,,0.0
2019-06,-61.271,617.8,0.988,4277.792,11.451,4328.6,556.529,4164.3,-99.721,548.936,472.743,162.327,200.413,10.755,7.971,762.122,449.215,-276.803,5318.943,389.6,50.0,461.772,647.943,5248.226,4755.034,1193.296,1182.639,4685.229,5042.14,36.104,493.192,987.066,2658.253,0.0,0.0,0.0,0.0,0.0,0.0,0.0,0.0,0.0,,0.0,0.0,0.0,0.0,,0.0
2019-07,-13.68,631.48,0.11,4248.931,15.087,4247.634,617.8,4106.914,71.654,477.282,674.136,170.897,183.505,17.631,11.216,768.356,548.936,-447.782,5766.725,397.438,50.0,411.087,708.705,5840.716,4890.424,1356.756,1346.816,5288.384,5318.943,40.796,950.292,1009.889,2760.743,0.0,0.0,0.0,0.0,0.0,0.0,0.0,0.0,0.0,,0.0,0.0,0.0,0.0,,0.0
2019-08,93.811,537.669,11.128,4332.877,15.226,4234.968,631.48,4255.594,-42.957,520.239,506.0,169.741,224.68,8.957,7.262,764.68,477.282,-478.662,6245.387,332.406,50.0,452.03,657.686,5571.366,4886.883,1319.061,1307.541,5020.876,5766.725,42.497,684.483,1000.298,2776.869,0.0,0.0,0.0,0.0,0.0,0.0,0.0,0.0,0.0,,0.0,0.0,0.0,0.0,,0.0
2019-09,-40.064,577.733,4.637,3852.086,17.915,3878.872,537.669,3735.362,-67.979,588.218,451.846,156.449,202.064,11.743,8.557,710.146,520.239,200.919,6044.468,287.379,50.0,568.25,735.626,6290.407,5564.552,1307.851,1285.661,5024.56,6245.387,44.456,725.855,1000.298,3260.378,0.0,0.0,0.0,0.0,0.0,0.0,0.0,0.0,0.0,,0.0,0.0,0.0,0.0,,0.0
2019-10,51.149,526.584,22.52,3973.418,25.466,3919.323,577.733,3851.451,-95.861,684.079,458.185,146.143,190.632,10.975,9.937,733.703,588.218,172.548,5871.92,345.039,50.0,629.655,774.807,6689.603,5774.959,1383.333,1372.683,5435.181,6044.468,43.58,914.644,955.349,3415.148,0.0,0.0,0.0,0.0,0.0,0.0,0.0,0.0,0.0,,0.0,0.0,0.0,0.0,,0.0
2019-11,-32.564,559.148,20.522,3934.008,17.624,3969.47,526.584,3812.389,31.162,652.917,482.441,171.35,218.104,9.848,5.846,659.535,684.079,-92.544,5964.464,319.047,30.0,586.179,858.109,5996.91,5696.946,1244.384,1237.218,5126.562,5871.92,37.555,299.964,875.835,3376.823,0.0,0.0,0.0,0.0,0.0,0.0,0.0,0.0,0.0,,0.0,0.0,0.0,0.0,,0.0
2019-12,-77.635,636.783,11.919,3865.478,6.492,3948.54,559.148,3759.848,-84.878,737.1,400.467,148.59,163.371,19.279,10.898,629.437,652.222,-495.874,6460.338,289.99,30.0,573.66,943.345,5930.18,5694.975,1746.126,1735.723,4935.938,5964.464,33.98,235.205,834.791,3343.179,0.0,0.0,0.0,0.0,0.0,0.0,0.0,0.0,0.0,,0.0,0.0,0.0,0.0,,0.0
2020-01,138.57,498.213,17.149,4227.491,8.001,4098.069,636.783,4088.648,143.212,593.888,664.011,161.814,176.356,8.814,8.238,688.341,737.1,-1026.766,7487.104,287.61,30.0,324.289,908.316,5025.755,5000.499,1082.404,1078.88,5230.615,6460.338,27.112,25.256,913.894,2854.0,0.0,0.0,0.0,0.0,0.0,0.0,0.0,0.0,0.0,,0.0,0.0,0.0,0.0,,0.0
2020-02,-44.547,542.76,14.33,3656.897,4.796,3710.978,498.213,3534.123,53.082,540.806,588.723,149.39,153.163,7.214,5.1,681.59,593.888,-712.57,8199.674,272.388,30.0,285.886,830.064,4789.626,4745.704,789.627,784.389,4956.293,7487.104,28.664,43.922,913.761,2715.993,0.0,0.0,0.0,0.0,0.0,0.0,0.0,0.0,0.0,,0.0,0.0,0.0,0.0,,0.0
2020-03,-38.587,581.347,4.575,3278.566,13.107,3308.621,542.76,3161.458,49.599,491.207,636.94,162.56,165.493,10.317,8.197,742.517,540.806,-339.048,8538.722,376.987,30.0,253.502,1072.299,5203.686,5040.234,834.287,828.385,5057.644,8199.674,27.79,163.452,980.861,2733.572,0.0,0.0,0.0,0.0,0.0,0.0,0.0,0.0,0.0,,0.0,0.0,0.0,0.0,,0.0
2020-04,15.763,565.584,1.331,3457.51,12.766,3430.312,581.347,3347.512,-176.022,667.229,260.66,165.523,176.075,13.771,8.759,598.986,491.207,-295.743,8834.465,351.389,25.0,196.446,967.402,4127.317,4490.224,518.963,512.85,4237.13,8538.722,18.356,-362.907,937.862,2388.514,0.0,0.0,0.0,0.0,0.0,0.0,0.0,0.0,0.0,,0.0,0.0,0.0,0.0,,0.0
2020-05,21.66,543.924,0.129,4024.906,11.734,3991.641,565.584,3984.108,50.234,616.995,440.477,143.62,155.717,13.906,9.604,532.054,667.229,338.052,8496.413,325.173,25.0,146.169,1063.337,4223.789,3863.48,1005.389,1002.549,3185.116,8834.465,20.405,360.309,681.43,1972.544,0.0,0.0,0.0,0.0,0.0,0.0,0.0,0.0,0.0,,0.0,0.0,0.0,0.0,,0.0
2020-06,174.114,369.81,0.666,4068.513,12.396,3882.669,543.924,4047.275,-32.706,649.701,376.992,133.188,147.21,10.315,8.412,546.593,616.995,204.576,8291.837,349.626,30.0,200.742,1097.922,4722.522,4534.224,1019.438,1016.672,3828.573,8496.413,19.561,188.298,826.155,2409.405,0.0,0.0,0.0,0.0,0.0,0.0,0.0,0.0,0.0,,0.0,0.0,0.0,0.0,,0.0
2020-07,-40.578,410.388,0.026,3799.461,12.53,3827.535,369.81,3714.026,123.453,526.248,551.386,163.357,167.974,16.309,1.738,579.598,649.701,-829.066,9120.903,399.737,30.0,204.402,1508.725,4857.958,4725.173,1060.861,1060.357,4995.003,8291.837,30.897,132.785,776.705,2235.341,0.0,0.0,0.0,0.0,0.0,0.0,0.0,0.0,0.0,,0.0,0.0,0.0,0.0,,0.0
2020-08,-62.243,472.631,0.696,4104.557,10.575,4156.921,410.388,3997.503,-10.493,536.741,480.854,120.942,128.39,19.016,4.454,600.721,526.248,-317.604,9438.507,404.505,30.0,179.367,1097.976,4700.471,4580.692,1160.303,1157.705,4230.17,9120.903,32.107,119.779,710.231,2593.118,0.0,0.0,0.0,0.0,0.0,0.0,0.0,0.0,0.0,,0.0,0.0,0.0,0.0,,0.0
2020-09,-13.271,485.902,2.57,3963.523,9.218,3970.146,472.631,3890.52,130.083,406.658,603.001,147.468,154.009,27.318,5.911,599.609,536.741,-392.037,9830.544,422.644,30.0,148.799,1543.966,5019.759,5279.759,1392.625,1388.857,4402.793,9438.507,39.022,-260.0,758.876,2828.118,0.0,0.0,0.0,0.0,0.0,0.0,0.0,0.0,0.0,,0.0,0.0,0.0,0.0,,0.0
2020-10,-49.527,535.429,4.59,4013.977,12.824,4055.27,485.902,3754.988,77.3,329.358,586.824,162.652,171.678,13.366,6.768,667.836,406.658,1076.512,8754.032,392.094,30.0,267.462,1714.079,6426.273,6209.539,1281.848,1281.475,4432.73,9830.544,27.277,216.734,949.888,3278.11,0.0,0.0,0.0,0.0,0.0,0.0,0.0,0.0,0.0,,0.0,0.0,0.0,0.0,,0.0
2020-11,-27.462,562.891,4.591,3792.256,12.937,3811.372,535.429,3702.52,-21.981,351.339,556.117,146.125,151.384,13.612,7.61,715.87,329.358,260.531,8493.501,425.781,30.0,269.609,1104.109,5991.388,5723.924,1263.383,1247.713,4863.141,8754.032,30.114,267.464,854.307,3495.899,0.0,0.0,0.0,0.0,0.0,0.0,0.0,0.0,0.0,,0.0,0.0,0.0,0.0,,0.0
2020-12,-49.547,612.438,3.292,3694.394,7.359,3739.874,562.891,3633.073,-49.895,401.234,517.94,170.417,176.527,20.897,6.815,723.465,351.339,95.717,8397.784,477.939,30.0,244.466,1014.456,5862.644,5607.877,1251.505,1234.788,4966.718,8493.501,26.643,254.767,1025.281,3323.673,0.0,0.0,0.0,0.0,0.0,0.0,0.0,0.0,0.0,,0.0,0.0,0.0,0.0,,0.0
2021-01,81.09,531.348,1.115,4564.013,3.192,4480.846,612.438,4488.095,19.327,381.907,603.851,180.074,187.868,11.568,5.321,760.824,401.234,9.117,8388.667,404.038,40.0,194.913,1110.508,5294.732,4985.003,1234.333,1220.779,4441.037,8397.784,14.283,309.729,993.055,2686.527,0.0,0.0,0.0,0.0,0.0,0.0,0.0,0.0,0.0,,0.0,0.0,0.0,0.0,,0.0
2021-02,-17.262,548.61,0.837,3933.724,3.786,3948.037,531.348,3892.235,110.107,271.8,626.0,176.346,195.058,16.951,5.012,694.0,381.907,493.33,7895.337,498.546,30.0,190.909,1168.404,5425.712,5223.945,823.755,821.072,4593.373,8388.667,13.8,201.767,882.945,2981.687,0.0,0.0,0.0,0.0,0.0,0.0,0.0,0.0,0.0,,0.0,0.0,0.0,0.0,,0.0
2021-03,-16.371,564.981,0.406,3947.884,6.152,3958.509,548.61,3676.357,59.598,212.202,591.872,172.774,235.592,11.073,3.253,756.793,271.8,407.508,7487.829,535.973,30.0,192.154,1275.463,6390.972,6045.752,1252.418,1242.169,5243.127,7895.337,23.892,345.22,1229.14,3348.995,0.0,0.0,0.0,0.0,0.0,0.0,0.0,0.0,0.0,,0.0,0.0,0.0,0.0,,0.0
2021-04,109.55,455.431,0.301,4337.027,9.337,4218.441,564.981,4555.755,-43.834,256.036,536.225,153.111,207.488,33.375,6.222,754.172,212.202,256.344,7231.485,588.68,30.0,226.433,1086.651,5482.062,5199.673,1204.455,1194.235,4587.554,7487.829,22.389,282.389,1067.707,2818.882,0.0,0.0,0.0,0.0,0.0,0.0,0.0,0.0,0.0,,0.0,0.0,0.0,0.0,,0.0
2021-05,5.855,449.576,0.504,3940.055,16.31,3918.394,455.431,3921.064,6.261,249.775,588.504,170.042,226.02,20.598,15.695,787.665,256.036,20.795,7210.69,977.705,30.0,211.571,1088.654,4995.979,4729.978,1530.482,1516.218,4409.548,7231.485,12.859,266.001,867.9,2561.853,0.0,0.0,0.0,0.0,0.0,0.0,0.0,0.0,0.0,,0.0,0.0,0.0,0.0,,0.0
2021-06,70.152,379.424,0.662,4338.336,18.049,4250.798,449.576,4314.476,19.437,230.338,540.265,169.038,217.799,18.989,13.81,719.638,249.775,221.553,6989.137,557.889,30.0,144.954,1226.718,5069.396,4826.779,943.082,933.967,4437.258,7210.69,25.392,242.617,974.315,2480.792,0.0,0.0,0.0,0.0,0.0,0.0,0.0,0.0,0.0,,0.0,0.0,0.0,0.0,,0.0
2021-07,42.838,336.586,0.0,4550.381,8.111,4499.432,379.424,4531.923,-45.929,276.267,606.627,163.353,217.57,13.515,5.742,856.611,230.338,566.992,6422.146,483.68,30.0,189.455,1238.393,5509.537,5277.527,1034.363,1014.48,4364.883,6989.137,26.98,232.01,1135.29,2714.389,0.0,0.0,0.0,0.0,0.0,0.0,0.0,0.0,0.0,,0.0,0.0,0.0,0.0,,0.0
2021-08,-53.699,390.285,0.024,4792.744,8.51,4837.957,336.586,4783.022,-113.132,389.399,530.812,176.578,243.189,30.584,15.881,856.549,276.267,517.586,5904.56,566.062,30.0,178.042,1203.936,5417.138,5232.324,1170.136,1146.719,4267.945,6422.146,27.533,184.814,964.204,2886.142,0.0,0.0,0.0,0.0,0.0,0.0,0.0,0.0,0.0,,0.0,0.0,0.0,0.0,,0.0
2021-09,-59.362,449.647,0.024,4399.247,13.6,4445.033,390.285,4370.993,27.499,361.9,594.472,170.001,249.453,16.799,7.922,799.627,389.399,1136.391,4768.169,549.018,30.0,217.666,1405.93,5910.264,5700.978,781.32,740.932,4515.011,5904.56,26.56,209.286,902.397,3174.985,0.0,0.0,0.0,0.0,0.0,0.0,0.0,0.0,0.0,,0.0,0.0,0.0,0.0,,0.0
2021-10,-16.569,466.216,1.83,3906.313,15.486,3909.226,449.647,3866.708,-16.776,378.676,597.638,162.901,140.147,16.42,5.466,738.141,361.9,-224.893,4993.062,579.036,30.0,210.429,730.19,4988.86,4771.334,1043.802,989.2,4718.294,4768.169,30.693,217.526,819.549,3011.166,0.0,0.0,0.0,0.0,0.0,0.0,0.0,0.0,0.0,,0.0,0.0,0.0,0.0,,0.0
2021-11,17.229,448.987,1.88,4352.25,13.222,4323.679,466.216,4315.846,70.312,308.364,627.388,188.157,254.158,17.901,7.681,793.332,378.676,740.947,4252.115,641.655,30.0,237.062,1227.94,6007.202,5730.999,1247.229,1145.586,4632.869,4993.062,27.813,276.203,1147.09,3118.907,0.0,0.0,0.0,0.0,0.0,0.0,0.0,0.0,0.0,,0.0,0.0,0.0,0.0,,0.0
2021-12,-24.601,473.588,0.153,5552.476,12.067,5565.163,448.987,5514.058,-81.657,390.021,499.741,173.865,235.949,23.079,9.052,794.269,308.364,12.18,4239.936,513.288,30.0,231.051,1119.365,5427.598,5602.261,1106.939,995.115,4795.477,4252.115,26.29,-174.663,1091.244,3160.601,0.0,0.0,0.0,0.0,0.0,0.0,0.0,0.0,0.0,,0.0,0.0,0.0,0.0,,0.0
2022-01,-34.389,507.977,0.025,5017.971,5.652,5046.733,473.588,5115.644,-32.085,422.106,610.347,205.059,149.683,20.23,11.122,771.885,390.021,-61.984,4301.92,606.9,30.0,175.972,922.614,5122.014,5241.361,1392.038,1291.74,4367.01,4239.936,31.851,-119.347,1082.029,3060.746,0.0,0.0,0.0,0.0,0.0,0.0,0.0,0.0,0.0,,0.0,0.0,0.0,0.0,,0.0
2022-02,75.807,432.17,0.102,3953.763,7.032,3871.026,507.977,3926.039,79.541,342.565,675.597,178.785,132.36,18.327,9.779,710.089,422.106,63.134,4238.786,636.816,30.0,191.237,960.787,5046.954,5201.557,1117.741,1072.94,4474.886,4301.92,28.009,-154.603,932.812,3116.721,0.0,0.0,0.0,0.0,0.0,0.0,0.0,0.0,0.0,,0.0,0.0,0.0,0.0,,0.0
2022-03,3.479,428.691,0.0,4934.17,18.106,4912.585,432.17,4895.461,52.862,289.703,644.044,167.907,199.986,8.994,6.828,782.174,342.565,-15.166,4253.952,922.64,30.0,209.782,1228.541,5817.154,6104.185,1236.504,1207.854,5483.863,4238.786,34.593,-287.031,1176.066,3489.796,0.0,0.0,0.0,0.0,0.0,0.0,0.0,0.0,0.0,,0.0,0.0,0.0,0.0,,0.0
2022-04,9.157,419.534,0.13,4300.883,12.827,4279.029,428.691,4268.96,-59.989,349.692,594.029,154.628,106.916,6.119,5.892,754.815,289.703,-52.549,4306.501,447.203,30.0,201.648,1024.138,5412.489,5149.891,1190.314,1093.727,4692.73,4253.952,29.197,262.598,898.186,3025.92,0.0,0.0,0.0,0.0,0.0,0.0,0.0,0.0,0.0,,0.0,0.0,0.0,0.0,,0.0
2022-05,-13.503,433.037,0.0,4639.328,12.827,4640.003,419.534,4608.573,-23.674,373.366,582.749,180.962,171.807,8.494,0.054,769.736,349.692,-116.103,4422.604,501.059,30.0,207.66,754.551,4523.139,4707.216,631.428,601.949,4480.352,4306.501,28.521,-184.077,962.704,2782.301,0.0,0.0,0.0,0.0,0.0,0.0,0.0,0.0,0.0,,0.0,0.0,0.0,0.0,,0.0
2022-06,-24.766,457.803,0.0,4394.672,15.494,4403.944,433.037,4367.621,-62.174,435.54,497.511,161.607,130.212,9.057,1.109,680.84,373.366,-549.078,4971.682,395.587,30.0,192.131,670.589,4333.489,4507.042,861.676,846.791,4391.822,4422.604,24.656,-173.553,951.98,2692.342,0.0,0.0,0.0,0.0,0.0,0.0,0.0,0.0,0.0,,0.0,0.0,0.0,0.0,,0.0
2022-07,6.59,451.213,0.052,4541.595,21.85,4513.207,457.803,4503.481,-76.013,511.553,454.826,165.645,156.141,6.474,1.764,680.506,435.54,-317.95,5289.633,368.418,30.0,195.148,627.992,4607.07,4826.683,1277.737,1274.411,3991.043,4971.682,24.659,-219.613,1059.696,2943.847,0.0,0.0,0.0,0.0,0.0,0.0,0.0,0.0,0.0,,0.0,0.0,0.0,0.0,,0.0
2022-08,-6.513,457.726,0.024,4916.328,18.007,4904.858,451.213,4894.84,27.777,483.776,507.031,177.293,176.109,5.919,1.654,649.445,511.553,-749.649,6039.282,347.692,30.0,223.191,677.658,4532.07,4745.397,1769.055,1717.906,3833.607,5289.633,26.75,-213.326,945.747,2898.8,0.0,0.0,0.0,0.0,0.0,0.0,0.0,0.0,0.0,,0.0,0.0,0.0,0.0,,0.0
2022-09,-71.496,529.222,0.0,4609.579,28.971,4652.104,457.726,4555.851,61.943,421.833,468.845,157.934,177.079,5.763,1.486,578.218,483.776,-995.233,7034.515,374.63,30.0,133.895,775.436,4453.724,4643.427,1974.885,1933.524,3824.87,6039.282,23.832,-189.703,848.246,2885.85,0.0,0.0,0.0,0.0,0.0,0.0,0.0,0.0,0.0,,0.0,0.0,0.0,0.0,,0.0
2022-10,6.095,523.127,0.0,4550.122,20.098,4523.929,529.222,4496.588,-47.897,469.73,505.16,116.606,50.014,3.542,2.125,599.53,421.833,-1599.773,8634.288,322.758,30.0,197.642,823.588,5055.048,5267.089,2617.518,2585.891,4336.81,7034.515,23.252,-212.04,841.279,3404.58,0.0,0.0,0.0,0.0,0.0,0.0,0.0,0.0,0.0,,0.0,0.0,0.0,0.0,,0.0
2022-11,81.808,441.319,0.026,4487.145,18.754,4386.609,523.127,4433.206,5.49,464.24,546.346,98.047,55.6,6.709,2.216,589.747,469.73,-1659.39,10293.678,390.588,30.0,213.023,828.21,5785.468,5531.079,3274.354,3226.006,4540.372,8634.288,20.72,254.389,866.273,3623.573,0.0,0.0,0.0,0.0,0.0,0.0,0.0,0.0,0.0,,0.0,0.0,0.0,0.0,,0.0
2022-12,-126.536,567.855,0.012,4384.835,24.0,4487.383,441.319,4321.512,-75.935,540.175,441.563,101.261,86.717,4.074,1.453,600.141,464.24,-871.604,11165.282,306.275,30.0,215.038,874.483,5993.314,5817.437,2736.395,2691.406,4414.985,10293.678,19.813,175.877,874.273,3853.643,0.0,0.0,0.0,0.0,0.0,0.0,0.0,0.0,0.0,,0.0,0.0,0.0,0.0,,0.0
2023-01,-2.313,570.168,0.0,4073.102,12.308,4063.107,567.855,4025.439,91.543,448.632,574.482,163.812,147.435,7.683,4.683,622.691,540.175,-892.591,12057.873,358.271,30.0,230.566,827.012,5655.237,5981.337,2854.809,2821.097,4028.229,11165.282,23.061,-326.1,838.23,4085.529,0.0,0.0,0.0,0.0,0.0,0.0,0.0,0.0,0.0,,0.0,0.0,0.0,0.0,,0.0
2023-02,17.253,552.915,0.0,3385.828,8.492,3360.083,570.168,4025.438,17.435,431.197,466.774,165.353,156.804,6.091,4.231,600.052,448.632,-400.013,12457.886,393.408,30.0,196.01,788.495,5260.008,5067.536,2332.227,2318.132,3701.959,12057.873,19.243,192.473,846.448,3236.583,0.0,0.0,0.0,0.0,0.0,0.0,0.0,0.0,0.0,,0.0,0.0,0.0,0.0,,0.0
2023-03,-39.63,592.545,0.0,3359.623,12.791,3386.462,552.915,3330.009,128.93,302.267,561.15,173.54,259.205,10.437,6.295,680.988,431.197,-1192.114,13650.0,423.589,30.0,232.297,628.873,5149.539,4914.758,2497.306,2467.744,4243.981,12457.886,23.955,234.781,972.011,3081.577,0.0,0.0,0.0,0.0,0.0,0.0,0.0,0.0,0.0,,0.0,0.0,0.0,0.0,,0.0
2023-04,40.146,552.399,0.026,3061.111,28.156,2992.835,592.545,3012.381,58.771,243.496,651.546,113.449,88.997,13.582,1.065,668.19,302.267,-482.886,14132.886,333.892,30.0,156.06,416.33,3955.0,3772.155,1220.793,1204.348,3534.029,13650.0,16.956,182.845,793.759,2406.006,0.0,0.0,0.0,0.0,0.0,0.0,0.0,0.0,0.0,,0.0,0.0,0.0,0.0,,0.0
2023-05,156.077,396.322,0.025,3117.577,11.309,2950.216,552.399,3088.039,-14.965,258.461,591.15,121.007,92.037,3.703,0.335,694.449,243.496,-1230.558,15363.444,344.994,30.0,117.656,425.127,3881.842,3688.68,1559.968,1527.214,3880.391,14132.886,17.035,193.162,903.294,2242.603,0.0,0.0,0.0,0.0,0.0,0.0,0.0,0.0,0.0,,0.0,0.0,0.0,0.0,,0.0
2023-06,24.283,372.039,0.0,3088.507,13.568,3050.656,396.322,3072.981,-94.659,353.12,491.267,96.483,92.452,4.933,0.56,673.445,258.461,-1440.321,16803.765,317.059,30.0,108.695,579.53,3147.742,3293.866,1028.552,987.281,3852.504,15363.444,24.066,-146.125,816.623,1789.018,0.0,0.0,0.0,0.0,0.0,0.0,0.0,0.0,0.0,,0.0,0.0,0.0,0.0,,0.0
2023-07,-61.225,433.264,0.0,3041.555,24.843,3077.936,372.039,3002.032,36.354,316.766,571.35,115.831,114.97,8.862,3.691,641.104,353.12,-697.077,17500.842,329.99,30.0,103.227,574.241,3541.123,3403.528,957.807,934.557,3589.578,16803.765,20.805,137.596,822.033,1904.027,0.0,0.0,0.0,0.0,0.0,0.0,0.0,0.0,0.0,,0.0,0.0,0.0,0.0,,0.0
2023-08,66.267,366.997,0.0,3236.052,15.487,3154.297,433.264,3212.384,-87.993,404.759,364.542,164.905,205.568,6.442,2.295,651.661,316.766,-762.221,18263.063,355.143,30.0,140.673,716.367,4108.454,3912.774,1358.318,1301.176,3846.695,17500.842,20.805,195.681,1001.14,2054.593,0.0,0.0,0.0,0.0,0.0,0.0,0.0,0.0,0.0,,0.0,0.0,0.0,0.0,,0.0
2023-09,11.54,355.457,0.0,3276.687,25.447,3239.7,366.997,3248.921,23.572,381.187,594.052,182.859,92.855,28.31,12.223,635.025,404.759,-220.591,18483.654,369.459,30.0,148.151,793.831,4739.795,4593.06,1119.323,1085.987,4187.973,18263.063,22.549,146.735,937.641,2713.437,0.0,0.0,0.0,0.0,0.0,0.0,0.0,0.0,0.0,,0.0,0.0,0.0,0.0,,0.0
2023-10,-42.309,397.766,0.0,3340.947,20.966,3362.29,355.457,3315.942,60.396,320.791,605.982,179.706,102.633,10.52,1.237,637.7,381.187,-238.609,18722.263,520.942,30.0,228.385,681.093,4714.875,4844.364,626.965,596.479,4821.672,18483.654,25.789,-129.489,893.539,3041.347,0.0,0.0,0.0,0.0,0.0,0.0,0.0,0.0,0.0,,0.0,0.0,0.0,0.0,,0.0
2023-11,-99.229,496.995,0.023,3668.264,20.786,3746.731,397.766,3644.602,-67.599,388.39,450.958,140.274,97.181,5.861,1.618,609.877,320.791,-591.56,19313.823,313.094,30.0,198.624,559.482,4340.271,4141.919,591.408,548.06,4635.596,18722.263,17.92,198.352,731.27,2652.543,0.0,0.0,0.0,0.0,0.0,0.0,0.0,0.0,0.0,,0.0,0.0,0.0,0.0,,0.0
2023-12,-89.887,586.882,0.0,3647.97,21.578,3716.28,496.995,3619.88,-64.27,452.66,448.457,149.529,97.991,9.195,2.264,601.523,388.39,477.0,18836.823,315.894,30.0,183.099,682.329,4896.889,4659.137,690.47,668.936,4030.037,19313.823,15.276,237.752,714.128,3079.581,0.0,0.0,0.0,0.0,0.0,0.0,0.0,0.0,0.0,,0.0,0.0,0.0,0.0,,0.0
2024-01,127.834,459.048,0.025,3678.733,4.786,3546.138,586.882,3669.113,123.02,329.64,601.995,171.357,152.579,3.528,1.087,628.026,452.66,222.087,18614.736,483.979,30.0,101.66,709.619,4304.591,4140.153,433.088,395.775,4115.988,18836.823,17.408,164.439,803.235,2525.639,0.0,0.0,0.0,0.0,0.0,0.0,0.0,0.0,0.0,,0.0,0.0,0.0,0.0,,0.0
2024-02,-27.817,486.865,0.0,3111.656,3.446,3136.026,459.048,3102.707,35.447,294.193,511.438,153.796,131.968,9.999,0.005,597.96,329.64,-799.141,19413.877,463.78,30.0,94.195,308.023,3153.958,3005.892,677.388,652.867,3716.793,18614.736,22.698,148.066,715.563,1888.111,0.0,0.0,0.0,0.0,0.0,0.0,0.0,0.0,0.0,,0.0,0.0,0.0,0.0,,0.0
2024-03,-2.35,489.215,0.0,3368.486,8.709,3362.127,486.865,3354.84,50.611,243.582,532.049,167.492,146.949,24.361,11.091,604.026,294.193,142.145,19271.732,345.66,30.0,137.446,619.719,3683.929,3508.277,274.727,237.946,3590.152,19413.877,22.565,175.652,727.347,2023.765,0.0,0.0,0.0,0.0,0.0,0.0,0.0,0.0,0.0,,0.0,0.0,0.0,0.0,,0.0
2024-04,-84.457,573.672,0.017,3067.193,10.218,3141.449,489.215,2888.981,-19.328,262.91,442.661,159.538,141.867,15.928,3.746,587.928,243.582,21.589,19250.143,356.629,30.0,142.003,790.991,3782.816,3599.705,610.273,517.121,3489.639,19271.732,17.944,183.111,786.016,1880.695,0.0,0.0,0.0,0.0,0.0,0.0,0.0,0.0,0.0,,0.0,0.0,0.0,0.0,,0.0
2024-05,51.032,522.64,0.0,3250.506,15.439,3184.035,573.672,3157.572,-36.44,299.35,433.27,170.656,164.383,24.563,12.344,609.53,262.91,-405.313,19655.456,388.702,30.0,98.735,602.572,3291.452,3138.119,752.555,696.477,3314.939,19250.143,17.972,153.333,733.664,1703.148,0.0,0.0,0.0,0.0,0.0,0.0,0.0,0.0,0.0,,0.0,0.0,0.0,0.0,,0.0
2024-06,-35.96,558.6,0.0,3439.151,11.973,3463.138,522.64,3670.928,117.838,181.512,573.187,167.317,146.356,12.001,3.855,589.704,299.35,-143.3,19798.756,308.17,30.0,136.413,643.907,3595.683,3426.7,693.142,656.51,3334.916,19655.456,19.095,168.983,871.284,1775.096,0.0,0.0,0.0,0.0,0.0,0.0,0.0,0.0,0.0,,0.0,0.0,0.0,0.0,,0.0
2024-07,9.062,549.538,0.227,3528.081,14.573,3504.673,558.6,3512.427,-18.56,200.072,565.184,177.564,98.118,20.13,4.163,661.732,181.512,-681.487,20480.243,294.077,30.0,67.01,753.609,3565.678,3406.33,889.305,858.73,3630.933,19798.756,21.004,159.348,855.475,1730.236,0.0,0.0,0.0,0.0,0.0,0.0,0.0,0.0,0.0,,0.0,0.0,0.0,0.0,,0.0
2024-08,11.548,537.99,0.758,3598.013,12.323,3574.9,549.538,3585.243,99.445,100.627,440.18,169.388,338.924,25.109,4.543,654.55,200.072,-233.731,20713.974,378.199,30.0,137.93,592.914,3771.713,3594.384,933.558,888.209,3430.724,20480.243,19.362,177.329,907.543,1955.997,0.0,0.0,0.0,0.0,0.0,0.0,0.0,0.0,0.0,,0.0,0.0,0.0,0.0,,0.0
2024-09,54.495,483.495,0.0,3332.541,10.401,3267.645,537.99,3321.573,-155.655,256.282,447.914,166.914,5.221,10.254,2.559,598.536,100.627,-49.409,20763.383,248.353,30.0,136.9,548.89,3916.873,3723.437,740.986,692.932,3454.193,20713.974,19.456,193.436,877.324,2160.323,0.0,0.0,0.0,0.0,0.0,0.0,0.0,0.0,0.0,,0.0,0.0,0.0,0.0,,0.0
2024-10,-8.447,491.942,1.017,3582.692,18.968,3573.188,483.495,3561.181,19.62,236.662,436.881,199.29,185.37,11.618,2.309,591.013,256.282,-577.354,21340.737,370.217,30.0,158.178,573.07,4119.251,3911.947,874.017,804.41,4171.211,20763.383,21.594,207.304,889.727,2290.972,0.0,0.0,0.0,0.0,0.0,0.0,0.0,0.0,0.0,,0.0,0.0,0.0,0.0,,0.0
2024-11,-27.644,519.586,0.052,3379.426,7.036,3400.086,491.942,3368.114,144.62,92.042,414.806,179.978,310.249,5.194,2.014,575.241,236.662,30.01,21310.727,372.94,30.0,171.694,415.419,4313.39,4097.778,746.653,691.604,3893.395,21340.737,16.272,215.612,825.791,2684.874,0.0,0.0,0.0,0.0,0.0,0.0,0.0,0.0,0.0,,0.0,0.0,0.0,0.0,,0.0
2024-12,-41.854,561.44,0.0,3790.714,10.988,3821.58,519.586,3774.948,-149.58,241.622,476.528,153.755,171.978,5.825,0.844,792.261,92.042,549.852,20760.875,357.723,30.0,152.449,484.875,4503.866,4385.366,444.13,405.485,3852.25,21310.727,15.357,118.5,860.353,2887.689,0.0,0.0,0.0,0.0,0.0,0.0,0.0,0.0,0.0,,0.0,0.0,0.0,0.0,,0.0
2025-01,41.854,519.586,0.102,3864.899,1.567,3821.58,561.44,3774.948,-26.339,267.961,484.798,145.136,106.062,12.168,1.454,605.031,241.622,230.531,20530.344,436.126,30.0,101.459,528.331,4512.402,4293.357,676.28,636.545,4025.973,20760.875,15.744,219.045,723.561,2940.006,0.0,0.0,0.0,0.0,0.0,0.0,0.0,0.0,0.0,,0.0,0.0,0.0,0.0,,0.0
2025-02,-148.986,668.572,0.66,3810.679,1.837,3958.488,519.586,3767.202,53.803,214.158,403.023,160.154,210.462,10.218,6.774,549.464,267.961,379.719,20150.625,436.077,30.0,104.225,606.606,3962.035,3773.117,433.516,414.079,3568.913,20530.344,15.964,188.918,794.342,2267.944,0.0,0.0,0.0,0.0,0.0,0.0,0.0,0.0,0.0,,0.0,0.0,0.0,0.0,,0.0
2025-03,34.35,634.222,0.0,3322.015,8.759,3278.906,668.572,3307.419,15.244,198.914,470.851,176.664,160.052,2.819,0.935,612.84,214.158,-60.14,20210.765,419.166,30.0,89.105,684.21,3570.332,3396.978,446.106,424.945,3590.097,20150.625,13.435,173.354,748.797,1874.866,0.0,0.0,0.0,0.0,0.0,0.0,0.0,0.0,0.0,,0.0,0.0,0.0,0.0,,0.0
2025-04,23.463,610.759,0.0,2670.481,11.291,2635.727,634.222,2654.854,41.182,157.732,503.679,173.204,139.075,7.241,2.659,594.331,198.914,60.111,20150.654,410.149,30.0,101.157,638.535,3188.46,3039.843,387.626,374.181,3135.58,20210.765,15.292,148.617,894.189,1405.962,0.0,0.0,0.0,0.0,0.0,0.0,0.0,0.0,0.0,,0.0,0.0,0.0,0.0,,0.0
2025-05,-28.685,639.444,0.0,2684.14,12.012,2700.813,610.759,2670.739,-22.937,180.669,443.886,168.413,161.261,14.013,1.383,614.071,157.732,-21.801,20172.455,381.061,30.0,101.832,575.567,3214.586,3053.391,613.122,605.757,2989.076,20150.654,15.25,161.195,908.042,1467.95,0.0,0.0,0.0,0.0,0.0,0.0,0.0,0.0,0.0,,0.0,0.0,0.0,0.0,,0.0
2025-06,-67.936,707.38,0.0,2527.449,11.598,2583.787,639.444,2514.557,36.204,144.465,469.412,184.531,185.123,25.804,11.457,592.527,180.669,-83.079,20255.534,397.922,30.0,105.251,672.355,3181.101,3023.126,555.009,539.981,3093.214,20172.455,13.879,157.975,706.68,1538.84,0.0,0.0,0.0,0.0,0.0,0.0,0.0,0.0,0.0,,0.0,0.0,0.0,0.0,,0.0
2025-07,42.618,664.762,0.0,3313.098,15.03,3255.45,707.38,3296.57,-125.884,270.349,387.516,162.457,166.063,12.695,0.584,666.768,144.465,-160.249,20415.783,362.532,30.0,42.021,733.262,3470.594,3299.703,412.8,394.151,3556.659,20255.534,23.916,170.891,943.827,1580.593,0.0,0.0,0.0,0.0,0.0,0.0,0.0,0.0,0.0,,0.0,0.0,0.0,0.0,,0.0
2025-08,-16.678,681.44,0.0,2787.551,14.078,2790.151,664.762,2771.996,5.874,264.475,454.911,172.271,234.186,18.436,0.874,664.787,270.349,-170.061,20585.844,366.483,30.0,93.733,612.917,3530.655,3359.79,959.354,944.613,3088.566,20415.783,19.279,170.865,926.816,1726.324,0.0,0.0,0.0,0.0,0.0,0.0,0.0,0.0,0.0,,0.0,0.0,0.0,0.0,,0.0
