TIME_PERIOD,Coal and manufactured gases (Gigawatt-hour),Coal and manufactured gases (Percentage),Combustible fuels (Gigawatt-hour),Combustible fuels (Percentage),Combustible fuels - non-renewable (Gigawatt-hour),Combustible fuels - non-renewable (Percentage),Combustible fuels - renewable (Gigawatt-hour),Combustible fuels - renewable (Percentage),Fossil energy (Gigawatt-hour),Fossil energy (Percentage),Geothermal (Gigawatt-hour),Geothermal (Percentage),Hydro (Gigawatt-hour),Hydro (Percentage),Mixed hydro power (Gigawatt-hour),Mixed hydro power (Percentage),Natural gas (Gigawatt-hour),Natural gas (Percentage),Nuclear fuels and other fuels n.e.c. (Gigawatt-hour),Nuclear fuels and other fuels n.e.c. (Percentage),Oil and petroleum products (excluding biofuel portion) (Gigawatt-hour),Oil and petroleum products (excluding biofuel portion) (Percentage),Other fuels n.e.c. (Gigawatt-hour),Other fuels n.e.c. (Percentage),Other renewable energies (Gigawatt-hour),Other renewable energies (Percentage),Pumped hydro power (Gigawatt-hour),Pumped hydro power (Percentage),Pure hydro power (Gigawatt-hour),Pure hydro power (Percentage),Renewables and biofuels (Gigawatt-hour),Renewables and biofuels (Percentage),Solar (Gigawatt-hour),Solar (Percentage),Solar photovoltaic (Gigawatt-hour),Solar photovoltaic (Percentage),Solar thermal (Gigawatt-hour),Solar thermal (Percentage),Total (Gigawatt-hour),Wind (Gigawatt-hour),Wind (Percentage),Wind off shore (Gigawatt-hour),Wind off shore (Percentage),Wind on shore (Gigawatt-hour),Wind on shore (Percentage)
2008-01,,,12717.0,,,,,,,,0.0,,546.0,,,,,,0.0,,,,,,,,,,,,,,,,,,,,13263.0,0.0,,,,,
2008-02,,,11480.0,,,,,,,,0.0,,576.0,,,,,,0.0,,,,,,,,,,,,,,,,,,,,12056.0,0.0,,,,,
2008-03,,,11324.0,,,,,,,,0.0,,647.0,,,,,,0.0,,,,,,,,,,,,,,,,,,,,11971.0,0.0,,,,,
2008-04,,,10744.0,,,,,,,,0.0,,562.0,,,,,,0.0,,,,,,,,,,,,,,,,,,,,11306.0,0.0,,,,,
2008-05,,,10191.0,,,,,,,,0.0,,565.0,,,,,,0.0,,,,,,,,,,,,,,,,,,,,10756.0,0.0,,,,,
2008-06,,,10317.0,,,,,,,,0.0,,466.0,,,,,,0.0,,,,,,,,,,,,,,,,,,,,10783.0,0.0,,,,,
2008-07,,,10486.0,,,,,,,,0.0,,511.0,,,,,,0.0,,,,,,,,,,,,,,,,,,,,10997.0,0.0,,,,,
2008-08,,,10390.0,,,,,,,,0.0,,546.0,,,,,,0.0,,,,,,,,,,,,,,,,,,,,10936.0,0.0,,,,,
2008-09,,,10795.0,,,,,,,,0.0,,514.0,,,,,,0.0,,,,,,,,,,,,,,,,,,,,11309.0,0.0,,,,,
2008-10,,,11555.0,,,,,,,,0.0,,666.0,,,,,,0.0,,,,,,,,,,,,,,,,,,,,12221.0,0.0,,,,,
2008-11,,,11206.0,,,,,,,,0.0,,647.0,,,,,,0.0,,,,,,,,,,,,,,,,,,,,11853.0,0.0,,,,,
2008-12,,,11831.0,,,,,,,,0.0,,659.0,,,,,,0.0,,,,,,,,,,,,,,,,,,,,12490.0,0.0,,,,,
2009-01,,,12400.0,,,,,,,,0.0,,584.0,,,,,,0.0,,,,,,,,,,,,,,,,,,,,12984.0,0.0,,,,,
2009-02,,,10905.0,,,,,,,,0.0,,598.0,,,,,,0.0,,,,,,,,,,,,,,,,,,,,11503.0,0.0,,,,,
2009-03,,,11491.0,,,,,,,,0.0,,763.0,,,,,,0.0,,,,,,,,,,,,,,,,,,,,12254.0,0.0,,,,,
2009-04,,,9734.0,,,,,,,,0.0,,778.0,,,,,,0.0,,,,,,,,,,,,,,,,,,,,10512.0,0.0,,,,,
2009-05,,,9498.0,,,,,,,,0.0,,677.0,,,,,,0.0,,,,,,,,,,,,,,,,,,,,10175.0,0.0,,,,,
2009-06,,,9331.0,,,,,,,,0.0,,720.0,,,,,,0.0,,,,,,,,,,,,,,,,,,,,10051.0,0.0,,,,,
2009-07,,,9833.0,,,,,,,,0.0,,736.0,,,,,,0.0,,,,,,,,,,,,,,,,,,,,10569.0,0.0,,,,,
2009-08,,,9831.0,,,,,,,,0.0,,697.0,,,,,,0.0,,,,,,,,,,,,,,,,,,,,10528.0,0.0,,,,,
2009-09,,,10191.0,,,,,,,,0.0,,693.0,,,,,,0.0,,,,,,,,,,,,,,,,,,,,10884.0,0.0,,,,,
2009-10,,,11482.0,,,,,,,,0.0,,819.0,,,,,,0.0,,,,,,,,,,,,,,,,,,,,12301.0,0.0,,,,,
2009-11,,,11160.0,,,,,,,,0.0,,924.0,,,,,,0.0,,,,,,,,,,,,,,,,,,,,12084.0,0.0,,,,,
2009-12,,,12176.0,,,,,,,,0.0,,843.0,,,,,,0.0,,,,,,,,,,,,,,,,,,,,13019.0,0.0,,,,,
2010-01,,,12562.0,,,,,,,,0.0,,790.0,,,,,,0.0,,,,,,,,,,,,,,,,,,,,13352.0,0.0,,,,,
2010-02,,,11244.0,,,,,,,,0.0,,685.0,,,,,,0.0,,,,,,,,,,,,,,,,,,,,11929.0,0.0,,,,,
2010-03,,,11478.0,,,,,,,,0.0,,946.0,,,,,,0.0,,,,,,,,,,,,,,,,,,,,12424.0,0.0,,,,,
2010-04,,,9873.0,,,,,,,,0.0,,915.0,,,,,,0.0,,,,,,,,,,,,,,,,,,,,10788.0,0.0,,,,,
2010-05,,,9981.0,,,,,,,,0.0,,950.0,,,,,,0.0,,,,,,,,,,,,,,,,,,,,10931.0,0.0,,,,,
2010-06,,,9827.0,,,,,,,,0.0,,881.0,,,,,,0.0,,,,,,,,,,,,,,,,,,,,10708.0,0.0,,,,,
2010-07,,,10226.0,,,,,,,,0.0,,877.0,,,,,,0.0,,,,,,,,,,,,,,,,,,,,11103.0,0.0,,,,,
2010-08,,,10033.0,,,,,,,,0.0,,883.0,,,,,,0.0,,,,,,,,,,,,,,,,,,,,10916.0,0.0,,,,,
2010-09,,,10422.0,,,,,,,,0.0,,964.0,,,,,,0.0,,,,,,,,,,,,,,,,,,,,11386.0,0.0,,,,,
2010-10,,,11534.0,,,,,,,,0.0,,996.0,,,,,,0.0,,,,,,,,,,,,,,,,,,,,12530.0,0.0,,,,,
2010-11,,,11338.0,,,,,,,,0.0,,931.0,,,,,,0.0,,,,,,,,,,,,,,,,,,,,12269.0,0.0,,,,,
2010-12,,,12715.0,,,,,,,,0.0,,930.0,,,,,,0.0,,,,,,,,,,,,,,,,,,,,13645.0,0.0,,,,,
2011-01,,,12445.0,,,,,,,,0.0,,762.0,,,,,,0.0,,,,,,,,,,,,,,,,,,,,13369.0,162.0,,,,,
2011-02,,,11741.0,,,,,,,,0.0,,715.0,,,,,,0.0,,,,,,,,,,,,,,,,,,,,12706.0,250.0,,,,,
2011-03,,,12301.0,,,,,,,,0.0,,997.0,,,,,,0.0,,,,,,,,,,,,,,,,,,,,13544.0,246.0,,,,,
2011-04,,,10569.0,,,,,,,,0.0,,780.0,,,,,,0.0,,,,,,,,,,,,,,,,,,,,11567.0,218.0,,,,,
2011-05,,,10836.0,,,,,,,,0.0,,795.0,,,,,,0.0,,,,,,,,,,,,,,,,,,,,11787.0,156.0,,,,,
2011-06,,,10239.0,,,,,,,,0.0,,788.0,,,,,,0.0,,,,,,,,,,,,,,,,,,,,11181.0,154.0,,,,,
2011-07,,,10224.0,,,,,,,,0.0,,922.0,,,,,,0.0,,,,,,,,,,,,,,,,,,,,11301.0,155.0,,,,,
2011-08,,,10579.0,,,,,,,,0.0,,875.0,,,,,,0.0,,,,,,,,,,,,,,,,,,,,11643.0,189.0,,,,,
2011-09,,,10776.0,,,,,,,,0.0,,782.0,,,,,,0.0,,,,,,,,,,,,,,,,,,,,11759.0,201.0,,,,,
2011-10,,,11664.0,,,,,,,,0.0,,828.0,,,,,,0.0,,,,,,,,,,,,,,,,,,,,12744.0,252.0,,,,,
2011-11,,,11875.0,,,,,,,,0.0,,807.0,,,,,,0.0,,,,,,,,,,,,,,,,,,,,12881.0,199.0,,,,,
2011-12,,,11869.0,,,,,,,,0.0,,856.0,,,,,,0.0,,,,,,,,,,,,,,,,,,,,13181.0,456.0,,,,,
2012-01,,,12171.0,,,,,,,,0.0,,900.0,,,,,,0.0,,,,,,,,,,,,,,,,,,,,13491.0,420.0,,,,,
2012-02,,,12341.0,,,,,,,,0.0,,798.0,,,,,,0.0,,,,,,,,,,,,,,,,,,,,13500.0,361.0,,,,,
2012-03,,,11134.0,,,,,,,,0.0,,1020.0,,,,,,0.0,,,,,,,,,,,,,,,,,,,,12583.0,429.0,,,,,
2012-04,,,10286.0,,,,,,,,0.0,,1042.0,,,,,,0.0,,,,,,,,,,,,,,,,,,,,11638.0,310.0,,,,,
2012-05,,,9975.0,,,,,,,,0.0,,987.0,,,,,,0.0,,,,,,,,,,,,,,,,,,,,11220.0,258.0,,,,,
2012-06,,,9993.0,,,,,,,,0.0,,1028.0,,,,,,0.0,,,,,,,,,,,,,,,,,,,,11253.0,232.0,,,,,
2012-07,,,10053.0,,,,,,,,0.0,,954.0,,,,,,0.0,,,,,,,,,,,,,,,,,,,,11245.0,238.0,,,,,
2012-08,,,10269.0,,,,,,,,0.0,,928.0,,,,,,0.0,,,,,,,,,,,,,,,,,,,,11451.0,254.0,,,,,
2012-09,,,10138.0,,,,,,,,0.0,,862.0,,,,,,0.0,,,,,,,,,,,,,,,,,,,,11363.0,363.0,,,,,
2012-10,,,11087.0,,,,,,,,0.0,,972.0,,,,,,0.0,,,,,,,,,,,,,,,,,,,,12467.0,408.0,,,,,
2012-11,,,11069.0,,,,,,,,0.0,,1102.0,,,,,,0.0,,,,,,,,,,,,,,,,,,,,12612.0,441.0,,,,,
2012-12,,,11555.0,,,,,,,,0.0,,1118.0,,,,,,0.0,,,,,,,,,,,,,,,,,,,,13183.0,510.0,,,,,
2013-01,,,12325.0,,,,,,,,0.0,,1049.0,,,,,,0.0,,,,,,,,,,,,,,,,,,,,13863.0,489.0,,,,,
2013-02,,,11237.0,,,,,,,,0.0,,914.0,,,,,,0.0,,,,,,,,,,,,,,,,,,,,12491.0,340.0,,,,,
2013-03,,,11895.0,,,,,,,,0.0,,909.0,,,,,,0.0,,,,,,,,,,,,,,,,,,,,13375.0,571.0,,,,,
2013-04,,,10743.0,,,,,,,,0.0,,999.0,,,,,,0.0,,,,,,,,,,,,,,,,,,,,12152.0,410.0,,,,,
2013-05,,,10266.0,,,,,,,,0.0,,851.0,,,,,,0.0,,,,,,,,,,,,,,,,,,,,11475.0,358.0,,,,,
2013-06,,,10060.0,,,,,,,,0.0,,795.0,,,,,,0.0,,,,,,,,,,,,,,,,,,,,11156.0,301.0,,,,,
2013-07,,,10601.0,,,,,,,,0.0,,851.0,,,,,,0.0,,,,,,,,,,,,,,,,,,,,11766.0,314.0,,,,,
2013-08,,,10528.0,,,,,,,,0.0,,810.0,,,,,,0.0,,,,,,,,,,,,,,,,,,,,11646.0,308.0,,,,,
2013-09,,,10800.0,,,,,,,,0.0,,838.0,,,,,,0.0,,,,,,,,,,,,,,,,,,,,12083.0,445.0,,,,,
2013-10,,,11514.0,,,,,,,,0.0,,910.0,,,,,,0.0,,,,,,,,,,,,,,,,,,,,13049.0,625.0,,,,,
2013-11,,,11426.0,,,,,,,,0.0,,855.0,,,,,,0.0,,,,,,,,,,,,,,,,,,,,12939.0,658.0,,,,,
2013-12,,,11205.0,,,,,,,,0.0,,956.0,,,,,,0.0,,,,,,,,,,,,,,,,,,,,13149.0,988.0,,,,,
2014-01,,,11596.0,,,,,,,,0.0,,895.0,,,,,,0.0,,,,,,,,,,,,,,,,,,,,13419.0,928.0,,,,,
2014-02,,,10083.0,,,,,,,,0.0,,910.0,,,,,,0.0,,,,,,,,,,,,,,,,,,,,11730.0,737.0,,,,,
2014-03,,,10506.0,,,,,,,,0.0,,1045.0,,,,,,0.0,,,,,,,,,,,,,,,,,,,,12250.0,699.0,,,,,
2014-04,,,9905.0,,,,,,,,0.0,,949.0,,,,,,0.0,,,,,,,,,,,,,,,,,,,,11337.0,483.0,,,,,
2014-05,,,9672.0,,,,,,,,0.0,,1010.0,,,,,,0.0,,,,,,,,,,,,,,,,,,,,11294.0,612.0,,,,,
2014-06,,,9488.0,,,,,,,,0.0,,927.0,,,,,,0.0,,,,,,,,,,,,,,,,,,,,10835.0,420.0,,,,,
2014-07,,,10489.0,,,,,,,,0.0,,1002.0,,,,,,0.0,,,,,,,,,,,,,,,,,,,,11925.0,434.0,,,,,
2014-08,,,9868.0,,,,,,,,0.0,,946.0,,,,,,0.0,,,,,,,,,,,,,,,,,,,,11280.0,466.0,,,,,
2014-09,,,10229.0,,,,,,,,0.0,,928.0,,,,,,0.0,,,,,,,,,,,,,,,,,,,,11646.0,489.0,,,,,
2014-10,,,11016.0,,,,,,,,0.0,,1012.0,,,,,,0.0,,,,,,,,,,,,,,,,,,,,12569.0,541.0,,,,,
2014-11,,,10884.0,,,,,,,,0.0,,1000.0,,,,,,0.0,,,,,,,,,,,,,,,,,,,,12569.0,575.0,,,,,
2014-12,,,11233.0,,,,,,,,0.0,,1037.0,,,,,,0.0,,,,,,,,,,,,,,,,,,,,13335.0,1065.0,,,,,
2015-01,,,11263.0,,,,,,,,0.0,,999.0,,,,,,0.0,,,,,,,,,,,,,,,,,,,,13453.0,1191.0,,,,,
2015-02,,,10639.0,,,,,,,,0.0,,1006.0,,,,,,0.0,,,,,,,,,,,,,,,,,,,,12356.0,711.0,,,,,
2015-03,,,10959.0,,,,,,,,0.0,,1089.0,,,,,,0.0,,,,,,,,,,,,,,,,,,,,12969.0,921.0,,,,,
2015-04,,,9720.0,,,,,,,,0.0,,1041.0,,,,,,0.0,,,,,,,,,,,,,,,,,,,,11712.0,951.0,,,,,
2015-05,,,9927.0,,,,,,,,0.0,,1037.0,,,,,,0.0,,,,,,,,,,,,,,,,,,,,11591.0,627.0,,,,,
2015-06,,,10004.0,,,,,,,,0.0,,908.0,,,,,,0.0,,,,,,,,,,,,,,,,,,,,11368.0,456.0,,,,,
2015-07,,,10700.0,,,,,,,,0.0,,840.0,,,,,,0.0,,,,,,,,,,,,,,,,,,,,12262.0,722.0,,,,,
2015-08,,,10663.0,,,,,,,,0.0,,747.0,,,,,,0.0,,,,,,,,,,,,,,,,,,,,12014.0,604.0,,,,,
2015-09,,,10715.0,,,,,,,,0.0,,810.0,,,,,,0.0,,,,,,,,,,,,,,,,,,,,12257.0,732.0,,,,,
2015-10,,,11407.0,,,,,,,,0.0,,956.0,,,,,,0.0,,,,,,,,,,,,,,,,,,,,13089.0,726.0,,,,,
2015-11,,,10807.0,,,,,,,,0.0,,934.0,,,,,,0.0,,,,,,,,,,,,,,,,,,,,12977.0,1234.0,,,,,
2015-12,,,10711.0,,,,,,,,0.0,,1017.0,,,,,,0.0,,,,,,,,,,,,,,,,,,,,13415.0,1687.0,,,,,
2016-01,,,11766.0,85.335,,,,,,,0.0,0.0,825.0,5.983,,,,,0.0,0.0,,,,,,,,,,,,,,,,,,,13788.0,1196.0,8.674,,,,
2016-02,,,10042.0,80.899,,,,,,,0.0,0.0,932.0,7.508,,,,,0.0,0.0,,,,,,,,,,,,,,,,,,,12413.0,1439.0,11.593,,,,
2016-03,,,10893.0,86.22,,,,,,,0.0,0.0,931.0,7.369,,,,,0.0,0.0,,,,,,,,,,,,,,,,,,,12634.0,810.0,6.411,,,,
2016-04,,,10079.0,85.422,,,,,,,0.0,0.0,819.0,6.941,,,,,0.0,0.0,,,,,,,,,,,,,,,,,,,11799.0,901.0,7.636,,,,
2016-05,,,9877.0,86.232,,,,,,,0.0,0.0,838.0,7.316,,,,,0.0,0.0,,,,,,,,,,,,,,,,,,,11454.0,739.0,6.452,,,,
2016-06,,,10160.0,87.904,,,,,,,0.0,0.0,783.0,6.775,,,,,0.0,0.0,,,,,,,,,,,,,,,,,,,11558.0,615.0,5.321,,,,
2016-07,,,10425.0,87.202,,,,,,,0.0,0.0,810.0,6.775,,,,,0.0,0.0,,,,,,,,,,,,,,,,,,,11955.0,720.0,6.023,,,,
2016-08,,,10440.0,88.168,,,,,,,0.0,0.0,689.0,5.819,,,,,0.0,0.0,,,,,,,,,,,,,,,,,,,11841.0,712.0,6.013,,,,
2016-09,,,10610.0,89.062,,,,,,,0.0,0.0,666.0,5.591,,,,,0.0,0.0,,,,,,,,,,,,,,,,,,,11913.0,637.0,5.347,,,,
2016-10,,,11268.0,84.773,,,,,,,0.0,0.0,815.0,6.132,,,,,0.0,0.0,,,,,,,,,,,,,,,,,,,13292.0,1209.0,9.096,,,,
2016-11,,,11530.0,84.173,,,,,,,0.0,0.0,778.0,5.68,,,,,0.0,0.0,,,,,,,,,,,,,,,,,,,13698.0,1390.0,10.147,,,,
2016-12,,,11619.0,82.067,,,,,,,0.0,0.0,881.0,6.223,,,,,0.0,0.0,,,,,,,,,,,,,,,,,,,14158.0,1658.0,11.711,,,,
2017-01,12091.658,81.536,13460.229,90.764,103.236,0.696,503.023,3.392,,,0.0,0.0,210.071,1.417,,,762.312,5.14,0.0,0.0,,,0.0,0.0,0.0,0.0,29.276,0.197,180.795,1.219,1843.367,12.43,3.456,0.023,3.456,0.023,0.0,0.0,14829.849,1156.093,7.796,0.0,0.0,1156.093,7.796
2017-02,10431.34,79.268,11674.595,88.716,98.819,0.751,467.378,3.552,,,0.0,0.0,213.225,1.62,,,677.058,5.145,0.0,0.0,,,0.0,0.0,0.0,0.0,38.462,0.292,174.763,1.328,1913.884,14.544,5.575,0.042,5.575,0.042,0.0,0.0,13159.563,1266.168,9.622,0.0,0.0,1266.168,9.622
2017-03,10137.968,77.549,11522.776,88.142,98.581,0.754,505.801,3.869,,,0.0,0.0,337.647,2.583,,,780.426,5.97,0.0,0.0,,,0.0,0.0,0.0,0.0,36.569,0.28,301.078,2.303,2019.402,15.447,11.5,0.088,11.5,0.088,0.0,0.0,13072.946,1201.023,9.187,0.0,0.0,1201.023,9.187
2017-04,9115.325,74.83,10535.153,86.486,121.552,0.998,478.138,3.925,,,0.0,0.0,305.689,2.509,,,820.138,6.733,0.0,0.0,,,0.0,0.0,0.0,0.0,34.365,0.282,271.324,2.227,2090.0,17.157,14.935,0.123,14.935,0.123,0.0,0.0,12181.38,1325.603,10.882,0.0,0.0,1325.603,10.882
2017-05,9751.789,80.088,10953.212,89.955,118.626,0.974,463.688,3.808,,,0.0,0.0,288.106,2.366,,,619.107,5.085,0.0,0.0,,,0.0,0.0,0.0,0.0,25.464,0.209,262.642,2.157,1661.28,13.644,22.28,0.183,22.28,0.183,0.0,0.0,12176.268,912.67,7.495,0.0,0.0,912.67,7.495
2017-06,9354.686,78.986,10549.676,89.075,127.147,1.074,457.51,3.863,,,0.0,0.0,162.542,1.372,,,610.333,5.153,0.0,0.0,,,0.0,0.0,0.0,0.0,20.861,0.176,141.681,1.196,1730.509,14.611,27.203,0.23,27.203,0.23,0.0,0.0,11843.536,1104.115,9.323,0.0,0.0,1104.115,9.323
2017-07,10145.696,82.942,11306.818,92.434,140.577,1.149,384.866,3.146,,,0.0,0.0,154.275,1.261,,,635.678,5.197,0.0,0.0,,,0.0,0.0,0.0,0.0,20.301,0.166,133.974,1.095,1290.068,10.546,22.313,0.182,22.313,0.182,0.0,0.0,12232.321,748.915,6.122,0.0,0.0,748.915,6.122
2017-08,10072.89,81.947,11317.603,92.073,159.349,1.296,491.973,4.002,,,0.0,0.0,146.153,1.189,,,593.391,4.827,0.0,0.0,,,0.0,0.0,0.0,0.0,27.24,0.222,118.913,0.967,1439.142,11.708,22.161,0.18,22.161,0.18,0.0,0.0,12292.012,806.095,6.558,0.0,0.0,806.095,6.558
2017-09,9720.766,79.159,10932.366,89.026,84.137,0.685,427.699,3.483,,,0.0,0.0,224.225,1.826,,,699.763,5.698,0.0,0.0,,,0.0,0.0,0.0,0.0,33.822,0.275,190.403,1.551,1741.531,14.182,14.796,0.12,14.796,0.12,0.0,0.0,12280.02,1108.633,9.028,0.0,0.0,1108.633,9.028
2017-10,9686.949,73.526,11141.678,84.568,95.758,0.727,443.662,3.368,,,0.0,0.0,278.949,2.117,0.0,0.0,915.309,6.947,0.0,0.0,0.0,0.0,0.0,0.0,0.0,0.0,63.837,0.485,215.112,1.633,2412.96,18.315,9.459,0.072,9.459,0.072,0.0,0.0,13174.813,1744.727,13.243,0.0,0.0,1744.727,13.243
2017-11,10151.872,76.028,11716.115,87.742,82.504,0.618,530.145,3.97,,,0.0,0.0,322.452,2.415,,,951.594,7.127,0.0,0.0,,,0.0,0.0,0.0,0.0,54.033,0.405,268.419,2.01,2112.874,15.823,4.739,0.035,4.739,0.035,0.0,0.0,13352.877,1309.571,9.807,0.0,0.0,1309.571,9.807
2017-12,9982.882,73.424,11369.204,83.621,83.665,0.615,349.281,2.569,,,0.0,0.0,373.706,2.749,,,953.376,7.012,0.0,0.0,,,0.0,0.0,0.0,0.0,76.502,0.563,297.204,2.186,2499.74,18.386,4.7,0.035,4.7,0.035,0.0,0.0,13596.165,1848.555,13.596,0.0,0.0,1848.555,13.596
2018-01,10138.276,73.564,11716.655,85.016,94.73,0.687,419.486,3.044,,,0.0,0.0,349.044,2.533,,,1064.163,7.722,0.0,0.0,,,0.0,0.0,0.0,0.0,61.257,0.444,287.787,2.088,2423.211,17.583,4.165,0.03,4.165,0.03,0.0,0.0,13781.637,1711.773,12.421,0.0,0.0,1711.773,12.421
2018-02,10415.872,80.768,12046.987,93.416,92.715,0.719,463.778,3.596,,,0.0,0.0,246.699,1.913,,,1074.622,8.333,0.0,0.0,,,0.0,0.0,0.0,0.0,23.103,0.179,223.596,1.734,1289.711,10.001,7.699,0.06,7.699,0.06,0.0,0.0,12896.023,594.638,4.611,0.0,0.0,594.638,4.611
2018-03,10758.336,77.82,12445.527,90.024,105.847,0.766,369.703,2.674,,,0.0,0.0,254.218,1.839,,,1211.641,8.764,0.0,0.0,,,0.0,0.0,0.0,0.0,30.315,0.219,223.903,1.62,1718.591,12.431,16.895,0.122,16.895,0.122,0.0,0.0,13824.73,1108.09,8.015,0.0,0.0,1108.09,8.015
2018-04,8673.423,74.387,10069.887,86.363,65.746,0.564,423.149,3.629,,,0.0,0.0,281.151,2.411,,,907.569,7.784,0.0,0.0,,,0.0,0.0,0.0,0.0,35.025,0.3,246.126,2.111,1978.126,16.965,33.423,0.287,33.423,0.287,0.0,0.0,11659.889,1275.428,10.939,0.0,0.0,1275.428,10.939
2018-05,9191.617,78.483,10670.975,91.114,102.054,0.871,462.533,3.949,,,0.0,0.0,200.196,1.709,,,914.771,7.811,0.0,0.0,,,0.0,0.0,0.0,0.0,38.232,0.326,161.964,1.383,1464.983,12.509,42.563,0.363,42.563,0.363,0.0,0.0,11711.657,797.923,6.813,0.0,0.0,797.923,6.813
2018-06,9551.778,80.089,11005.303,92.277,105.929,0.888,474.872,3.982,,,0.0,0.0,135.159,1.133,,,872.724,7.318,0.0,0.0,,,0.0,0.0,0.0,0.0,23.353,0.196,111.806,0.937,1372.637,11.509,37.92,0.318,37.92,0.318,0.0,0.0,11926.421,748.039,6.272,0.0,0.0,748.039,6.272
2018-07,10359.896,80.414,11986.869,93.043,115.22,0.894,485.471,3.768,,,0.0,0.0,182.351,1.415,,,1026.282,7.966,0.0,0.0,,,0.0,0.0,0.0,0.0,17.484,0.136,164.867,1.28,1364.287,10.59,39.212,0.304,39.212,0.304,0.0,0.0,12883.169,674.737,5.237,0.0,0.0,674.737,5.237
2018-08,10238.848,80.047,11926.199,93.238,107.701,0.842,460.827,3.603,,,0.0,0.0,141.367,1.105,,,1118.823,8.747,0.0,0.0,,,0.0,0.0,0.0,0.0,25.352,0.198,116.015,0.907,1300.386,10.166,41.184,0.322,41.184,0.322,0.0,0.0,12791.11,682.36,5.335,0.0,0.0,682.36,5.335
2018-09,9840.715,80.302,11122.953,90.766,103.229,0.842,412.082,3.363,,,0.0,0.0,110.896,0.905,,,766.927,6.258,0.0,0.0,,,0.0,0.0,0.0,0.0,22.068,0.18,88.828,0.725,1521.633,12.417,35.304,0.288,35.304,0.288,0.0,0.0,12254.572,985.419,8.041,0.0,0.0,985.419,8.041
2018-10,9985.874,75.883,11562.675,87.865,109.716,0.834,530.251,4.029,,,0.0,0.0,132.08,1.004,,,936.833,7.119,0.0,0.0,,,0.0,0.0,0.0,0.0,36.698,0.279,95.382,0.725,2090.396,15.885,23.811,0.181,23.811,0.181,0.0,0.0,13159.518,1440.952,10.95,0.0,0.0,1440.952,10.95
2018-11,10412.314,78.777,12064.712,91.279,108.311,0.819,543.027,4.108,,,0.0,0.0,130.735,0.989,0.0,0.0,1001.06,7.574,0.0,0.0,0.0,0.0,0.0,0.0,0.0,0.0,29.714,0.225,101.021,0.764,1666.056,12.605,11.683,0.088,11.683,0.088,0.0,0.0,13217.455,1010.325,7.644,0.0,0.0,1010.325,7.644
2018-12,10505.534,75.091,12338.645,88.194,102.94,0.736,551.022,3.939,,,0.0,0.0,189.44,1.354,,,1179.149,8.428,0.0,0.0,,,0.0,0.0,0.0,0.0,59.759,0.427,129.681,0.927,2142.937,15.317,4.573,0.033,4.573,0.033,0.0,0.0,13990.319,1457.661,10.419,0.0,0.0,1457.661,10.419
2019-01,10894.804,74.932,12737.226,87.603,98.348,0.676,543.074,3.735,,,0.0,0.0,254.346,1.749,,,1201.001,8.26,0.0,0.0,,,0.0,0.0,0.0,0.0,47.713,0.328,206.633,1.421,2297.812,15.804,6.471,0.045,6.471,0.045,0.0,0.0,14539.677,1541.634,10.603,0.0,0.0,1541.634,10.603
2019-02,8923.42,72.328,10541.523,85.443,70.73,0.573,480.242,3.893,,,0.0,0.0,258.045,2.092,,,1067.131,8.649,0.0,0.0,,,0.0,0.0,0.0,0.0,48.711,0.395,209.334,1.697,2227.507,18.055,23.593,0.191,23.593,0.191,0.0,0.0,12337.499,1514.338,12.274,0.0,0.0,1514.338,12.274
2019-03,8839.478,68.762,10703.831,83.265,90.399,0.703,546.412,4.251,,,0.0,0.0,335.291,2.608,,,1227.542,9.549,0.0,0.0,,,0.0,0.0,0.0,0.0,76.498,0.595,258.793,2.013,2621.219,20.39,40.783,0.317,40.783,0.317,0.0,0.0,12855.136,1775.231,13.81,0.0,0.0,1775.231,13.81
2019-04,8331.696,70.428,10278.039,86.881,93.124,0.787,514.449,4.349,,,0.0,0.0,247.979,2.096,,,1338.77,11.317,0.0,0.0,,,0.0,0.0,0.0,0.0,65.874,0.557,182.105,1.539,2000.614,16.911,73.198,0.619,73.198,0.619,0.0,0.0,11830.078,1230.862,10.405,0.0,0.0,1230.862,10.405
2019-05,8944.061,74.387,10642.723,88.515,86.02,0.715,470.339,3.912,,,0.0,0.0,310.392,2.582,,,1142.303,9.5,0.0,0.0,,,0.0,0.0,0.0,0.0,49.545,0.412,260.847,2.169,1801.706,14.985,67.757,0.564,67.757,0.564,0.0,0.0,12023.635,1002.763,8.34,0.0,0.0,1002.763,8.34
2019-06,8982.102,77.019,10551.272,90.474,90.691,0.778,502.194,4.306,,,0.0,0.0,242.633,2.081,,,976.285,8.371,0.0,0.0,,,0.0,0.0,0.0,0.0,55.99,0.48,186.643,1.6,1557.16,13.352,124.437,1.067,124.437,1.067,0.0,0.0,11662.228,743.886,6.379,0.0,0.0,743.886,6.379
2019-07,8964.912,75.253,10790.123,90.574,106.778,0.896,559.609,4.697,,,0.0,0.0,134.909,1.132,,,1158.824,9.727,0.0,0.0,,,0.0,0.0,0.0,0.0,40.328,0.339,94.581,0.794,1642.239,13.785,94.358,0.792,94.358,0.792,0.0,0.0,11913.081,893.691,7.502,0.0,0.0,893.691,7.502
2019-08,9200.043,77.006,11119.485,93.073,100.318,0.84,547.666,4.584,,,0.0,0.0,138.61,1.16,,,1271.458,10.642,0.0,0.0,,,0.0,0.0,0.0,0.0,42.197,0.353,96.413,0.807,1333.095,11.158,100.849,0.844,100.849,0.844,0.0,0.0,11947.111,588.167,4.923,0.0,0.0,588.167,4.923
2019-09,8721.191,74.843,10258.207,88.033,90.012,0.772,522.127,4.481,,,0.0,0.0,140.954,1.21,,,924.877,7.937,0.0,0.0,,,0.0,0.0,0.0,0.0,48.177,0.413,92.777,0.796,1868.449,16.034,77.399,0.664,77.399,0.664,0.0,0.0,11652.706,1176.146,10.093,0.0,0.0,1176.146,10.093
2019-10,9271.108,73.908,11173.636,89.074,108.818,0.867,583.971,4.655,,,0.0,0.0,158.382,1.263,,,1209.739,9.644,0.0,0.0,,,0.0,0.0,0.0,0.0,52.371,0.417,106.011,0.845,1902.13,15.163,62.217,0.496,62.217,0.496,0.0,0.0,12544.166,1149.931,9.167,0.0,0.0,1149.931,9.167
2019-11,8772.113,71.397,10747.43,87.474,83.215,0.677,574.175,4.673,,,0.0,0.0,186.937,1.521,0.0,0.0,1317.927,10.727,0.0,0.0,0.0,0.0,0.0,0.0,0.0,0.0,71.443,0.581,115.494,0.94,2041.695,16.618,25.791,0.21,25.791,0.21,0.0,0.0,12286.393,1326.235,10.794,0.0,0.0,1326.235,10.794
2019-12,8750.464,66.765,11100.634,84.697,81.854,0.625,643.827,4.912,,,0.0,0.0,219.805,1.677,,,1624.489,12.395,0.0,0.0,,,0.0,0.0,0.0,0.0,91.164,0.696,128.641,0.982,2558.392,19.52,25.834,0.197,25.834,0.197,0.0,0.0,13106.363,1760.09,13.429,0.0,0.0,1760.09,13.429
2020-01,9237.98,68.742,11313.158,84.184,90.626,0.674,643.138,4.786,,,0.0,0.0,236.432,1.759,,,1341.414,9.982,0.0,0.0,,,0.0,0.0,0.0,0.0,83.152,0.619,153.28,1.141,2685.377,19.983,25.285,0.188,25.285,0.188,0.0,0.0,13438.549,1863.674,13.868,0.0,0.0,1863.674,13.868
2020-02,8108.244,64.754,10031.856,80.116,97.996,0.783,587.636,4.693,,,0.0,0.0,304.126,2.429,,,1237.98,9.887,0.0,0.0,,,0.0,0.0,0.0,0.0,89.151,0.712,214.975,1.717,2988.29,23.865,46.585,0.372,46.585,0.372,0.0,0.0,12521.661,2139.094,17.083,0.0,0.0,2139.094,17.083
2020-03,8262.817,67.038,10380.457,84.218,114.103,0.926,649.966,5.273,,,0.0,0.0,290.157,2.354,,,1353.571,10.982,0.0,0.0,,,0.0,0.0,0.0,0.0,64.121,0.52,226.036,1.834,2531.034,20.535,181.627,1.474,181.627,1.474,0.0,0.0,12325.646,1473.405,11.954,0.0,0.0,1473.405,11.954
2020-04,6983.517,66.406,8860.42,84.254,72.093,0.686,540.516,5.14,,,0.0,0.0,183.531,1.745,,,1264.294,12.022,0.0,0.0,,,0.0,0.0,0.0,0.0,53.041,0.504,130.49,1.241,2143.399,20.382,253.654,2.412,253.654,2.412,0.0,0.0,10516.344,1218.739,11.589,0.0,0.0,1218.739,11.589
2020-05,7157.624,67.663,9050.383,85.556,80.199,0.758,578.372,5.468,,,0.0,0.0,201.119,1.901,,,1234.188,11.667,0.0,0.0,,,0.0,0.0,0.0,0.0,56.492,0.534,144.627,1.367,2049.785,19.377,208.766,1.974,208.766,1.974,0.0,0.0,10578.288,1118.02,10.569,0.0,0.0,1118.02,10.569
2020-06,7544.266,72.252,9198.001,88.09,88.308,0.846,528.281,5.059,,,0.0,0.0,281.434,2.695,,,1037.045,9.932,0.0,0.0,,,0.0,0.0,0.0,0.0,42.72,0.409,238.714,2.286,1729.145,16.56,228.158,2.185,228.158,2.185,0.0,0.0,10441.585,733.992,7.03,0.0,0.0,733.992,7.03
2020-07,7987.721,70.842,9892.962,87.739,98.59,0.874,481.381,4.269,,,0.0,0.0,242.717,2.153,,,1325.27,11.754,0.0,0.0,,,0.0,0.0,0.0,0.0,31.51,0.279,211.207,1.873,1832.343,16.251,280.972,2.492,280.972,2.492,0.0,0.0,11275.434,858.783,7.616,0.0,0.0,858.783,7.616
2020-08,8390.279,73.863,10232.19,90.078,94.638,0.833,576.566,5.076,,,0.0,0.0,166.823,1.469,,,1170.707,10.306,0.0,0.0,,,0.0,0.0,0.0,0.0,48.185,0.424,118.638,1.044,1655.402,14.573,277.56,2.443,277.56,2.443,0.0,0.0,11359.211,682.638,6.01,0.0,0.0,682.638,6.01
2020-09,8360.019,72.33,10238.176,88.58,83.959,0.726,561.454,4.858,,,0.0,0.0,175.218,1.516,,,1232.744,10.666,0.0,0.0,,,0.0,0.0,0.0,0.0,55.328,0.479,119.89,1.037,1826.066,15.799,236.851,2.049,236.851,2.049,0.0,0.0,11558.116,907.871,7.855,0.0,0.0,907.871,7.855
2020-10,8804.393,69.933,10883.137,86.445,94.87,0.754,625.862,4.971,,,0.0,0.0,286.992,2.28,,,1358.012,10.787,0.0,0.0,,,0.0,0.0,0.0,0.0,75.141,0.597,211.851,1.683,2257.303,17.93,115.253,0.915,115.253,0.915,0.0,0.0,12589.719,1304.337,10.36,0.0,0.0,1304.337,10.36
2020-11,8810.169,69.375,11109.059,87.478,96.959,0.763,636.202,5.01,,,0.0,0.0,267.338,2.105,,,1565.729,12.329,0.0,0.0,,,0.0,0.0,0.0,0.0,83.399,0.657,183.939,1.448,2143.031,16.875,62.008,0.488,62.008,0.488,0.0,0.0,12699.287,1260.882,9.929,0.0,0.0,1260.882,9.929
2020-12,9148.389,67.492,11547.792,85.194,104.045,0.768,642.132,4.737,,,0.0,0.0,266.418,1.966,,,1653.226,12.197,0.0,0.0,,,0.0,0.0,0.0,0.0,119.435,0.881,146.983,1.084,2529.622,18.662,48.1,0.355,48.1,0.355,0.0,0.0,13554.717,1692.407,12.486,0.0,0.0,1692.407,12.486
2021-01,10518.363,73.42,12753.855,89.024,88.001,0.614,587.028,4.098,,,0.0,0.0,287.507,2.007,,,1560.463,10.892,0.0,0.0,,,0.0,0.0,0.0,0.0,96.146,0.671,191.361,1.336,2063.334,14.402,31.785,0.222,31.785,0.222,0.0,0.0,14326.307,1253.16,8.747,0.0,0.0,1253.16,8.747
2021-02,9328.132,72.8,11138.538,86.929,102.49,0.8,488.954,3.816,,,0.0,0.0,273.249,2.133,,,1218.962,9.513,0.0,0.0,,,0.0,0.0,0.0,0.0,60.272,0.47,212.977,1.662,2103.579,16.417,112.28,0.876,112.28,0.876,0.0,0.0,12813.435,1289.368,10.063,0.0,0.0,1289.368,10.063
2021-03,9461.279,71.246,11288.854,85.008,100.772,0.759,550.497,4.145,,,0.0,0.0,329.292,2.48,,,1176.306,8.858,0.0,0.0,,,0.0,0.0,0.0,0.0,57.97,0.437,271.322,2.043,2483.441,18.701,243.922,1.837,243.922,1.837,0.0,0.0,13279.768,1417.7,10.676,0.0,0.0,1417.7,10.676
2021-04,8746.641,69.319,10554.566,83.647,110.843,0.878,582.852,4.619,,,0.0,0.0,317.46,2.516,,,1114.23,8.83,0.0,0.0,,,0.0,0.0,0.0,0.0,57.21,0.453,260.25,2.063,2589.056,20.519,355.773,2.82,355.773,2.82,0.0,0.0,12617.98,1390.181,11.017,0.0,0.0,1390.181,11.017
2021-05,8271.355,67.097,10115.27,82.054,121.525,0.986,542.547,4.401,,,0.0,0.0,340.024,2.758,,,1179.843,9.571,0.0,0.0,,,0.0,0.0,0.0,0.0,70.685,0.573,269.339,2.185,2684.094,21.773,468.194,3.798,468.194,3.798,0.0,0.0,12327.502,1404.014,11.389,0.0,0.0,1404.014,11.389
2021-06,9073.239,72.813,10974.747,88.072,127.927,1.027,516.756,4.147,,,0.0,0.0,190.169,1.526,,,1256.825,10.086,0.0,0.0,,,0.0,0.0,0.0,0.0,41.386,0.332,148.783,1.194,1961.681,15.742,633.323,5.082,633.323,5.082,0.0,0.0,12461.058,662.819,5.319,0.0,0.0,662.819,5.319
2021-07,10049.604,75.171,11909.12,89.08,100.963,0.755,499.989,3.74,,,0.0,0.0,196.427,1.469,,,1258.564,9.414,0.0,0.0,,,0.0,0.0,0.0,0.0,38.4,0.287,158.027,1.182,1921.427,14.372,554.189,4.145,554.189,4.145,0.0,0.0,13368.958,709.222,5.305,0.0,0.0,709.222,5.305
2021-08,9605.352,72.733,11463.469,86.803,104.235,0.789,565.213,4.28,,,0.0,0.0,228.85,1.733,,,1188.669,9.001,0.0,0.0,,,0.0,0.0,0.0,0.0,54.752,0.415,174.098,1.318,2253.235,17.062,459.867,3.482,459.867,3.482,0.0,0.0,13206.243,1054.057,7.982,0.0,0.0,1054.057,7.982
2021-09,10372.218,74.456,12172.7,87.381,95.997,0.689,572.438,4.109,,,0.0,0.0,268.754,1.929,,,1132.046,8.126,0.0,0.0,,,0.0,0.0,0.0,0.0,49.923,0.358,218.831,1.571,2280.493,16.37,435.331,3.125,435.331,3.125,0.0,0.0,13930.678,1053.893,7.565,0.0,0.0,1053.893,7.565
2021-10,9829.364,67.098,11879.651,81.094,87.301,0.596,632.859,4.32,,,0.0,0.0,224.311,1.531,,,1330.127,9.08,0.0,0.0,,,0.0,0.0,0.0,0.0,68.221,0.466,156.09,1.066,3334.172,22.76,363.448,2.481,363.448,2.481,0.0,0.0,14649.185,2181.775,14.893,0.0,0.0,2181.775,14.893
2021-11,10450.274,71.52,12574.585,86.059,90.95,0.622,594.356,4.068,,,0.0,0.0,189.615,1.298,,,1439.005,9.848,0.0,0.0,,,0.0,0.0,0.0,0.0,63.846,0.437,125.769,0.861,2567.526,17.572,127.92,0.875,127.92,0.875,0.0,0.0,14611.601,1719.481,11.768,0.0,0.0,1719.481,11.768
2021-12,11515.358,73.537,13516.761,86.318,95.998,0.613,584.123,3.73,,,0.0,0.0,222.669,1.422,,,1321.282,8.438,0.0,0.0,,,0.0,0.0,0.0,0.0,74.405,0.475,148.264,0.947,2652.285,16.937,58.48,0.373,58.48,0.373,0.0,0.0,15659.328,1861.418,11.887,0.0,0.0,1861.418,11.887
2022-01,10061.746,66.718,12100.787,80.238,110.219,0.731,615.481,4.081,,,0.0,0.0,309.981,2.055,,,1313.341,8.709,0.0,0.0,,,0.0,0.0,0.0,0.0,80.333,0.533,229.648,1.523,3515.436,23.31,95.411,0.633,95.411,0.633,0.0,0.0,15081.075,2574.896,17.074,0.0,0.0,2574.896,17.074
2022-02,8548.867,63.144,10266.468,75.831,109.462,0.809,539.229,3.983,,,0.0,0.0,345.299,2.55,,,1068.909,7.895,0.0,0.0,,,0.0,0.0,0.0,0.0,90.78,0.671,254.519,1.88,3720.632,27.482,240.63,1.777,240.63,1.777,0.0,0.0,13538.651,2686.254,19.841,0.0,0.0,2686.254,19.841
2022-03,10941.705,73.598,12626.666,84.932,107.21,0.721,559.386,3.763,,,0.0,0.0,276.437,1.859,,,1018.365,6.85,0.0,0.0,,,0.0,0.0,0.0,0.0,62.312,0.419,214.125,1.44,2737.197,18.411,744.281,5.006,744.281,5.006,0.0,0.0,14866.789,1219.405,8.202,0.0,0.0,1219.405,8.202
2022-04,9383.726,69.064,10850.055,79.856,97.834,0.72,540.965,3.981,,,0.0,0.0,328.748,2.42,0.0,0.0,827.53,6.091,0.0,0.0,0.0,0.0,0.0,0.0,0.0,0.0,78.855,0.58,249.893,1.839,3199.132,23.545,701.463,5.163,701.463,5.163,0.0,0.0,13587.077,1706.811,12.562,0.0,0.0,1706.811,12.562
2022-05,8803.667,67.057,10452.24,79.614,101.727,0.775,579.585,4.415,,,0.0,0.0,246.016,1.874,,,967.261,7.368,0.0,0.0,,,0.0,0.0,0.0,0.0,66.483,0.506,179.533,1.367,3189.575,24.295,1046.839,7.974,1046.839,7.974,0.0,0.0,13128.713,1383.618,10.539,0.0,0.0,1383.618,10.539
2022-06,8727.707,69.051,10323.083,81.674,78.367,0.62,576.836,4.564,,,0.0,0.0,207.611,1.643,,,940.172,7.438,0.0,0.0,,,0.0,0.0,0.0,0.0,84.899,0.672,122.712,0.971,2808.303,22.219,1190.56,9.419,1190.56,9.419,0.0,0.0,12639.449,918.195,7.265,0.0,0.0,918.195,7.265
2022-07,8806.377,69.076,10171.69,79.786,104.999,0.824,537.455,4.216,,,0.0,0.0,176.175,1.382,,,722.858,5.67,0.0,0.0,,,0.0,0.0,0.0,0.0,77.773,0.61,98.402,0.772,3036.777,23.82,1142.0,8.958,1142.0,8.958,0.0,0.0,12748.785,1258.92,9.875,0.0,0.0,1258.92,9.875
2022-08,9718.848,75.247,10877.178,84.215,99.335,0.769,430.122,3.33,,,0.0,0.0,194.818,1.508,,,628.872,4.869,0.0,0.0,,,0.0,0.0,0.0,0.0,90.124,0.698,104.694,0.811,2378.807,18.418,1093.148,8.464,1093.148,8.464,0.0,0.0,12915.987,750.843,5.813,0.0,0.0,750.843,5.813
2022-09,9360.664,74.755,10445.268,83.416,69.237,0.553,419.382,3.349,,,0.0,0.0,212.869,1.7,,,595.985,4.76,0.0,0.0,,,0.0,0.0,0.0,0.0,88.563,0.707,124.306,0.993,2407.407,19.226,748.32,5.976,748.32,5.976,0.0,0.0,12521.856,1115.399,8.908,0.0,0.0,1115.399,8.908
2022-10,9177.531,69.561,10660.43,80.801,80.154,0.608,519.983,3.941,,,0.0,0.0,236.308,1.791,,,882.762,6.691,0.0,0.0,,,0.0,0.0,0.0,0.0,87.205,0.661,149.103,1.13,2965.815,22.479,605.678,4.591,605.678,4.591,0.0,0.0,13193.467,1691.051,12.817,0.0,0.0,1691.051,12.817
2022-11,10330.002,74.771,12105.454,87.623,86.633,0.627,575.793,4.168,,,0.0,0.0,203.955,1.476,,,1113.026,8.056,0.0,0.0,,,0.0,0.0,0.0,0.0,89.109,0.645,114.846,0.831,2196.692,15.9,249.017,1.802,249.017,1.802,0.0,0.0,13815.462,1257.036,9.099,0.0,0.0,1257.036,9.099
2022-12,10589.558,71.306,12440.682,83.77,89.343,0.602,612.37,4.123,,,0.0,0.0,250.192,1.685,,,1149.411,7.74,0.0,0.0,,,0.0,0.0,0.0,0.0,99.479,0.67,150.713,1.015,2923.158,19.683,189.937,1.279,189.937,1.279,0.0,0.0,14850.949,1970.138,13.266,0.0,0.0,1970.138,13.266
2023-01,9037.893,63.734,11268.272,79.462,85.141,0.6,633.036,4.464,,,0.0,0.0,327.686,2.311,,,1512.202,10.664,0.0,0.0,,,0.0,0.0,0.0,0.0,104.181,0.735,223.505,1.576,3441.201,24.267,118.565,0.836,118.565,0.836,0.0,0.0,14180.618,2466.095,17.391,0.0,0.0,2466.095,17.391
2023-02,8086.384,62.09,10094.104,77.506,85.289,0.655,585.056,4.492,,,0.0,0.0,357.593,2.746,,,1337.375,10.269,0.0,0.0,,,0.0,0.0,0.0,0.0,93.789,0.72,263.804,2.026,3420.732,26.266,312.49,2.399,312.49,2.399,0.0,0.0,13023.569,2259.382,17.348,0.0,0.0,2259.382,17.348
2023-03,7827.323,57.636,10194.093,75.063,69.486,0.512,636.125,4.684,,,0.0,0.0,404.302,2.977,,,1661.159,12.232,0.0,0.0,,,0.0,0.0,0.0,0.0,105.26,0.775,299.042,2.202,3917.466,28.846,705.666,5.196,705.666,5.196,0.0,0.0,13580.694,2276.633,16.764,0.0,0.0,2276.633,16.764
2023-04,6865.682,58.101,8972.322,75.929,98.982,0.838,604.309,5.114,,,0.0,0.0,374.88,3.172,,,1403.349,11.876,0.0,0.0,,,0.0,0.0,0.0,0.0,87.812,0.743,287.068,2.429,3360.967,28.442,999.587,8.459,999.587,8.459,0.0,0.0,11816.792,1470.003,12.44,0.0,0.0,1470.003,12.44
2023-05,6715.921,57.203,8314.646,70.82,98.073,0.835,444.285,3.784,,,0.0,0.0,329.252,2.804,,,1056.367,8.998,0.0,0.0,,,0.0,0.0,0.0,0.0,99.139,0.844,230.113,1.96,3771.018,32.12,1609.857,13.712,1609.857,13.712,0.0,0.0,11740.518,1486.763,12.664,0.0,0.0,1486.763,12.664
2023-06,6338.021,57.653,8129.312,73.947,105.137,0.956,546.917,4.975,,,0.0,0.0,245.924,2.237,,,1139.237,10.363,0.0,0.0,,,0.0,0.0,0.0,0.0,99.528,0.905,146.396,1.332,3311.501,30.123,1672.251,15.211,1672.251,15.211,0.0,0.0,10993.424,945.937,8.605,0.0,0.0,945.937,8.605
2023-07,6494.187,56.269,8324.36,72.126,89.372,0.774,568.132,4.923,,,0.0,0.0,228.855,1.983,,,1172.669,10.161,0.0,0.0,,,0.0,0.0,0.0,0.0,110.051,0.954,118.804,1.029,3675.122,31.843,1750.863,15.17,1750.863,15.17,0.0,0.0,11541.401,1237.323,10.721,0.0,0.0,1237.323,10.721
2023-08,7041.996,58.825,8927.921,74.579,92.004,0.769,580.311,4.848,,,0.0,0.0,276.894,2.313,,,1213.612,10.138,0.0,0.0,,,0.0,0.0,0.0,0.0,116.241,0.971,160.653,1.342,3507.309,29.298,1419.501,11.858,1419.501,11.858,0.0,0.0,11971.16,1346.844,11.251,0.0,0.0,1346.844,11.251
2023-09,7562.577,63.143,8999.026,75.136,103.803,0.867,554.577,4.63,,,0.0,0.0,222.396,1.857,,,778.069,6.496,0.0,0.0,,,0.0,0.0,0.0,0.0,98.424,0.822,123.972,1.035,3434.097,28.673,1515.716,12.655,1515.716,12.655,0.0,0.0,11976.97,1239.832,10.352,0.0,0.0,1239.832,10.352
2023-10,7839.499,58.39,9941.541,74.046,109.304,0.814,616.847,4.594,,,0.0,0.0,231.78,1.726,,,1375.891,10.248,0.0,0.0,,,0.0,0.0,0.0,0.0,107.743,0.802,124.037,0.924,3993.747,29.746,740.815,5.518,740.815,5.518,0.0,0.0,13426.184,2512.048,18.71,0.0,0.0,2512.048,18.71
2023-11,8400.946,61.112,10886.136,79.19,96.564,0.702,628.795,4.574,,,0.0,0.0,289.939,2.109,,,1759.832,12.802,0.0,0.0,,,0.0,0.0,0.0,0.0,95.099,0.692,194.84,1.417,3394.366,24.692,316.506,2.302,316.506,2.302,0.0,0.0,13746.806,2254.225,16.398,0.0,0.0,2254.225,16.398
2023-12,8366.722,57.403,10945.825,75.098,109.505,0.751,632.442,4.339,,,0.0,0.0,377.396,2.589,,,1837.156,12.605,0.0,0.0,,,0.0,0.0,0.0,0.0,122.516,0.841,254.88,1.749,4139.495,28.401,138.491,0.95,138.491,0.95,0.0,0.0,14575.394,3113.682,21.363,0.0,0.0,3113.682,21.363
2024-01,8230.378,56.841,10918.867,75.409,103.881,0.717,623.494,4.306,10295.373,71.103,0.0,0.0,432.125,2.134,,,1961.114,13.544,0.0,0.0,,,0.0,0.0,0.0,0.0,123.082,,309.043,2.134,4184.177,28.897,213.173,1.472,213.173,1.472,0.0,0.0,14602.632,3038.467,20.985,0.0,0.0,3038.467,20.985
2024-02,6917.06,54.548,9309.974,73.418,100.408,0.792,557.86,4.399,8752.114,69.019,0.0,0.0,423.044,2.498,,,1734.646,13.679,0.0,0.0,,,0.0,0.0,0.0,0.0,106.316,,316.728,2.498,3928.655,30.981,404.194,3.187,404.194,3.187,0.0,0.0,12787.085,2649.873,20.897,0.0,0.0,2649.873,20.897
2024-03,7293.874,54.948,9619.754,72.469,105.286,0.793,569.729,4.292,9050.025,68.177,0.0,0.0,396.098,2.189,,,1650.865,12.437,0.0,0.0,,,0.0,0.0,0.0,0.0,105.55,,290.548,2.189,4224.22,31.823,1118.415,8.425,1118.415,8.425,0.0,0.0,13379.795,2245.528,16.916,0.0,0.0,2245.528,16.916
2024-04,6476.609,53.731,8360.927,69.363,100.885,0.837,476.094,3.95,7884.833,65.414,0.0,0.0,348.356,2.014,,,1307.339,10.846,0.0,0.0,,,0.0,0.0,0.0,0.0,105.629,,242.727,2.014,4168.969,34.586,1439.896,11.946,1439.896,11.946,0.0,0.0,12159.431,2010.252,16.677,0.0,0.0,2010.252,16.677
2024-05,6307.405,53.65,7809.25,66.424,103.001,0.876,519.51,4.419,7289.74,62.005,0.0,0.0,254.775,1.424,,,879.334,7.479,0.0,0.0,,,0.0,0.0,0.0,0.0,87.38,,167.395,1.424,4466.874,37.995,2317.154,19.709,2317.154,19.709,0.0,0.0,11843.994,1462.815,12.442,0.0,0.0,1462.815,12.442
2024-06,6673.135,58.56,8130.987,71.354,91.232,0.801,520.03,4.564,7610.957,66.79,0.0,0.0,201.389,1.225,,,846.59,7.429,0.0,0.0,,,0.0,0.0,5.646,0.05,61.853,,139.536,1.225,3784.327,33.21,2027.857,17.796,2027.857,17.796,0.0,0.0,11457.137,1091.258,9.576,0.0,0.0,1091.258,9.576
2024-07,6673.457,55.952,8444.056,70.797,119.111,0.999,508.54,4.264,7935.516,66.533,0.0,0.0,177.531,1.063,,,1142.948,9.583,0.0,0.0,,,0.0,0.0,6.279,0.053,50.76,,126.771,1.063,3991.585,33.467,2192.297,18.381,2192.297,18.381,0.0,0.0,11977.861,1157.698,9.706,0.0,0.0,1157.698,9.706
2024-08,6725.071,53.86,9000.809,72.087,96.323,0.771,555.958,4.453,8444.851,67.634,0.0,0.0,169.503,0.911,,,1623.457,13.002,0.0,0.0,,,0.0,0.0,5.699,0.046,55.811,,113.692,0.911,4041.244,32.366,2130.739,17.065,2130.739,17.065,0.0,0.0,12541.906,1235.156,9.892,0.0,0.0,1235.156,9.892
2024-09,6292.971,49.98,8655.741,68.746,117.371,0.932,576.116,4.576,8079.625,64.17,0.0,0.0,155.184,0.827,,,1669.283,13.258,0.0,0.0,,,0.0,0.0,8.19,0.065,51.075,,104.109,0.827,4511.308,35.83,1624.847,12.905,1624.847,12.905,0.0,0.0,12642.008,2198.046,17.457,0.0,0.0,2198.046,17.457
2024-10,7236.361,55.138,9836.028,74.946,98.43,0.75,621.725,4.737,9214.303,70.209,0.0,0.0,182.916,0.958,,,1879.512,14.321,0.0,0.0,,,0.0,0.0,9.277,0.071,57.123,,125.793,0.958,3909.815,29.791,1038.115,7.91,1038.115,7.91,0.0,0.0,13181.241,2114.905,16.115,0.0,0.0,2114.905,16.115
2024-11,8180.172,58.569,11136.064,79.733,86.677,0.621,642.759,4.602,10493.305,75.131,0.0,0.0,164.243,0.781,,,2226.456,15.941,0.0,0.0,,,0.0,0.0,8.835,0.063,55.179,,109.064,0.781,3473.336,24.869,357.782,2.562,357.782,2.562,0.0,0.0,14021.82,2354.896,16.861,0.0,0.0,2354.896,16.861
2024-12,8702.866,59.458,11631.39,79.465,97.287,0.665,710.508,4.854,10920.882,74.611,0.0,0.0,200.062,0.951,,,2120.729,14.489,0.0,0.0,,,0.0,0.0,11.551,0.079,60.919,,139.143,0.951,3716.209,25.389,235.275,1.607,235.275,1.607,0.0,0.0,14698.01,2619.732,17.898,0.0,0.0,2619.732,17.898
2025-01,8870.494,57.06,11868.176,76.342,91.74,0.59,655.137,4.214,11213.039,72.128,0.0,0.0,231.162,1.051,,,2250.805,14.478,0.0,0.0,,,0.0,0.0,9.77,0.063,67.728,,163.434,1.051,4332.931,27.872,381.923,2.457,381.923,2.457,0.0,0.0,15613.698,3122.667,20.087,0.0,0.0,3122.667,20.087
2025-02,8727.502,62.924,11457.068,82.603,86.895,0.626,624.123,4.5,10832.945,78.104,0.0,0.0,193.402,0.913,,,2018.548,14.553,0.0,0.0,,,0.0,0.0,5.999,0.043,66.837,,126.565,0.913,3037.011,21.896,847.165,6.108,847.165,6.108,0.0,0.0,13936.793,1433.159,10.333,0.0,0.0,1433.159,10.333
2025-03,7289.229,52.3,10073.206,72.275,101.858,0.731,642.614,4.611,9430.592,67.664,0.0,0.0,232.155,1.053,,,2039.505,14.633,0.0,0.0,,,0.0,0.0,7.718,0.055,85.461,,146.694,1.053,4506.823,32.336,1751.665,12.568,1751.665,12.568,0.0,0.0,14022.876,1958.132,14.049,0.0,0.0,1958.132,14.049
2025-04,5862.187,45.586,8525.728,66.298,107.223,0.834,674.304,5.244,7851.424,61.055,0.0,0.0,230.543,1.092,,,1882.014,14.635,0.0,0.0,,,0.0,0.0,8.239,0.064,90.121,,140.422,1.092,5008.192,38.945,2483.553,19.313,2483.553,19.313,0.0,0.0,12949.737,1701.674,13.233,0.0,0.0,1701.674,13.233
2025-05,5584.051,45.36,7956.403,64.631,79.689,0.647,678.071,5.508,7278.332,59.123,0.0,0.0,230.198,1.14,,,1614.592,13.116,0.0,0.0,,,0.0,0.0,7.466,0.061,89.91,,140.288,1.14,5032.089,40.877,2591.845,21.054,2591.845,21.054,0.0,0.0,12400.331,1614.419,13.114,0.0,0.0,1614.419,13.114
2025-06,5023.213,40.794,7069.499,57.412,105.28,0.855,619.651,5.032,6449.848,52.379,0.0,0.0,209.344,1.063,,,1321.355,10.731,0.0,0.0,,,0.0,0.0,10.544,0.086,78.478,,130.866,1.063,5863.851,47.621,2859.369,23.221,2859.369,23.221,0.0,0.0,12392.177,2243.421,18.219,0.0,0.0,2243.421,18.219
2025-07,6125.07,48.225,8546.508,67.29,154.933,1.22,539.67,4.249,8006.838,63.041,0.0,0.0,200.735,0.828,,,1726.835,13.596,0.0,0.0,,,0.0,0.0,9.403,0.074,95.617,,105.118,0.828,4694.147,36.959,2630.197,20.709,2630.197,20.709,0.0,0.0,12796.602,1409.759,11.1,0.0,0.0,1409.759,11.1
2025-08,5542.573,46.109,7861.585,65.402,112.913,0.939,631.305,5.252,7230.28,60.15,0.0,0.0,199.785,0.831,,,1574.794,13.101,0.0,0.0,,,0.0,0.0,9.23,0.077,99.843,,99.942,0.831,4790.182,39.85,2716.712,22.601,2716.712,22.601,0.0,0.0,12120.305,1332.993,11.089,0.0,0.0,1332.993,11.089
